customer_id,lifecycle_stage,customer_tenure_days,days_since_last_transaction
CUST_000001,Mature (12+ months),1462,21
CUST_000002,Mature (12+ months),1462,21
CUST_000003,Mature (12+ months),1462,21
CUST_000004,Mature (12+ months),1462,21
CUST_000005,Churned/Dormant,1462,1401
CUST_000006,Mature (12+ months),1462,23
CUST_000007,Mature (12+ months),1462,22
CUST_000008,Mature (12+ months),1462,23
CUST_000009,Mature (12+ months),1459,20
CUST_000010,Mature (12+ months),1459,18
CUST_000011,Mature (12+ months),1453,12
CUST_000012,Churned/Dormant,1452,1212
CUST_000013,Mature (12+ months),1448,7
CUST_000014,Mature (12+ months),1443,4
CUST_000015,Mature (12+ months),1440,28
CUST_000016,Churned/Dormant,1440,1082
CUST_000017,Churned/Dormant,1436,1048
CUST_000018,Mature (12+ months),1435,25
CUST_000019,Mature (12+ months),1433,24
CUST_000020,Mature (12+ months),1431,22
CUST_000021,Churned/Dormant,1431,712
CUST_000022,Churned/Dormant,1428,950
CUST_000023,Mature (12+ months),1425,16
CUST_000024,Mature (12+ months),1424,14
CUST_000025,Mature (12+ months),1421,13
CUST_000026,Churned/Dormant,1420,1210
CUST_000027,Mature (12+ months),1414,5
CUST_000028,Churned/Dormant,1413,1265
CUST_000029,Mature (12+ months),1412,0
CUST_000030,Mature (12+ months),1412,0
CUST_000031,Mature (12+ months),1410,30
CUST_000032,Mature (12+ months),1409,27
CUST_000033,Mature (12+ months),1405,25
CUST_000034,Mature (12+ months),1404,24
CUST_000035,Churned/Dormant,1401,1223
CUST_000036,Churned/Dormant,1401,981
CUST_000037,Mature (12+ months),1399,19
CUST_000038,Mature (12+ months),1397,19
CUST_000039,Mature (12+ months),1396,14
CUST_000040,Mature (12+ months),1396,15
CUST_000041,Mature (12+ months),1395,13
CUST_000042,Churned/Dormant,1395,1304
CUST_000043,Mature (12+ months),1394,14
CUST_000044,Mature (12+ months),1392,11
CUST_000045,Mature (12+ months),1392,14
CUST_000046,Mature (12+ months),1388,10
CUST_000047,Churned/Dormant,1384,665
CUST_000048,Churned/Dormant,1384,965
CUST_000049,Churned/Dormant,1377,809
CUST_000050,Mature (12+ months),1376,24
CUST_000051,Mature (12+ months),1374,22
CUST_000052,Churned/Dormant,1374,1193
CUST_000053,Mature (12+ months),1373,21
CUST_000054,Mature (12+ months),1373,24
CUST_000055,Mature (12+ months),1372,21
CUST_000056,Mature (12+ months),1371,22
CUST_000057,Churned/Dormant,1371,1042
CUST_000058,Churned/Dormant,1369,1158
CUST_000059,Mature (12+ months),1369,18
CUST_000060,Mature (12+ months),1358,10
CUST_000061,Churned/Dormant,1353,992
CUST_000062,Mature (12+ months),1353,5
CUST_000063,Mature (12+ months),1352,1
CUST_000064,Churned/Dormant,1352,1290
CUST_000065,Mature (12+ months),1350,32
CUST_000066,Churned/Dormant,1350,990
CUST_000067,Mature (12+ months),1347,26
CUST_000068,Mature (12+ months),1345,26
CUST_000069,Mature (12+ months),1340,18
CUST_000070,Churned/Dormant,1339,1188
CUST_000071,Mature (12+ months),1338,17
CUST_000072,Mature (12+ months),1337,17
CUST_000073,Mature (12+ months),1337,17
CUST_000074,Mature (12+ months),1336,17
CUST_000075,Churned/Dormant,1335,1186
CUST_000076,Mature (12+ months),1331,10
CUST_000077,Churned/Dormant,1327,1029
CUST_000078,Mature (12+ months),1327,5
CUST_000079,Churned/Dormant,1326,757
CUST_000080,Churned/Dormant,1326,1264
CUST_000081,Mature (12+ months),1323,1
CUST_000082,Mature (12+ months),1318,30
CUST_000083,Mature (12+ months),1317,25
CUST_000084,Mature (12+ months),1316,25
CUST_000085,Mature (12+ months),1315,24
CUST_000086,Mature (12+ months),1311,22
CUST_000087,Mature (12+ months),1310,20
CUST_000088,Mature (12+ months),1308,18
CUST_000089,Mature (12+ months),1308,19
CUST_000090,Churned/Dormant,1307,706
CUST_000091,Mature (12+ months),1307,17
CUST_000092,Mature (12+ months),1305,15
CUST_000093,Churned/Dormant,1304,1213
CUST_000094,Churned/Dormant,1303,763
CUST_000095,Mature (12+ months),1301,12
CUST_000096,Mature (12+ months),1300,10
CUST_000097,Mature (12+ months),1300,10
CUST_000098,Mature (12+ months),1298,10
CUST_000099,Mature (12+ months),1294,3
CUST_000100,Mature (12+ months),1290,28
CUST_000101,Mature (12+ months),1288,28
CUST_000102,Mature (12+ months),1288,28
CUST_000103,Mature (12+ months),1284,26
CUST_000104,Mature (12+ months),1284,22
CUST_000105,Mature (12+ months),1277,18
CUST_000106,Mature (12+ months),1276,16
CUST_000107,Mature (12+ months),1276,14
CUST_000108,Mature (12+ months),1272,13
CUST_000109,Mature (12+ months),1271,10
CUST_000110,Churned/Dormant,1271,970
CUST_000111,Mature (12+ months),1270,8
CUST_000112,Mature (12+ months),1270,8
CUST_000113,Mature (12+ months),1269,7
CUST_000114,Mature (12+ months),1269,8
CUST_000115,Mature (12+ months),1269,7
CUST_000116,Churned/Dormant,1268,847
CUST_000117,Mature (12+ months),1267,5
CUST_000118,Mature (12+ months),1266,7
CUST_000119,Mature (12+ months),1262,2
CUST_000120,Mature (12+ months),1260,31
CUST_000121,Mature (12+ months),1259,28
CUST_000122,Mature (12+ months),1255,26
CUST_000123,Mature (12+ months),1255,27
CUST_000124,Mature (12+ months),1251,20
CUST_000125,Churned/Dormant,1250,982
CUST_000126,Mature (12+ months),1248,17
CUST_000127,Mature (12+ months),1247,16
CUST_000128,Churned/Dormant,1247,949
CUST_000129,Mature (12+ months),1244,12
CUST_000130,Churned/Dormant,1241,612
CUST_000131,Mature (12+ months),1240,11
CUST_000132,Churned/Dormant,1237,1027
CUST_000133,Churned/Dormant,1232,901
CUST_000134,Mature (12+ months),1232,4
CUST_000135,Mature (12+ months),1229,27
CUST_000136,Mature (12+ months),1229,27
CUST_000137,Mature (12+ months),1228,27
CUST_000138,Mature (12+ months),1227,29
CUST_000139,Mature (12+ months),1227,25
CUST_000140,Mature (12+ months),1221,23
CUST_000141,Mature (12+ months),1220,20
CUST_000142,Mature (12+ months),1220,22
CUST_000143,Mature (12+ months),1220,21
CUST_000144,Mature (12+ months),1218,17
CUST_000145,Mature (12+ months),1218,17
CUST_000146,Mature (12+ months),1216,14
CUST_000147,Mature (12+ months),1211,10
CUST_000148,Mature (12+ months),1210,10
CUST_000149,Churned/Dormant,1208,909
CUST_000150,Churned/Dormant,1208,666
CUST_000151,Churned/Dormant,1205,935
CUST_000152,Mature (12+ months),1204,3
CUST_000153,Churned/Dormant,1203,515
CUST_000154,Mature (12+ months),1202,2
CUST_000155,Mature (12+ months),1201,32
CUST_000156,Mature (12+ months),1200,30
CUST_000157,Churned/Dormant,1199,898
CUST_000158,Churned/Dormant,1198,1139
CUST_000159,Mature (12+ months),1196,27
CUST_000160,Mature (12+ months),1196,24
CUST_000161,Churned/Dormant,1195,1103
CUST_000162,Mature (12+ months),1195,25
CUST_000163,Churned/Dormant,1193,745
CUST_000164,Mature (12+ months),1193,24
CUST_000165,Mature (12+ months),1192,23
CUST_000166,Mature (12+ months),1188,18
CUST_000167,Churned/Dormant,1188,829
CUST_000168,Churned/Dormant,1187,1006
CUST_000169,Mature (12+ months),1187,18
CUST_000170,Churned/Dormant,1185,645
CUST_000171,Mature (12+ months),1184,14
CUST_000172,Mature (12+ months),1183,15
CUST_000173,Mature (12+ months),1180,12
CUST_000174,Mature (12+ months),1179,8
CUST_000175,Churned/Dormant,1179,731
CUST_000176,Mature (12+ months),1176,7
CUST_000177,Churned/Dormant,1167,866
CUST_000178,Churned/Dormant,1166,656
CUST_000179,Mature (12+ months),1166,24
CUST_000180,Churned/Dormant,1165,924
CUST_000181,Churned/Dormant,1164,953
CUST_000182,Mature (12+ months),1164,22
CUST_000183,Churned/Dormant,1160,1012
CUST_000184,Mature (12+ months),1159,21
CUST_000185,Mature (12+ months),1156,14
CUST_000186,Mature (12+ months),1155,13
CUST_000187,Mature (12+ months),1152,13
CUST_000188,Mature (12+ months),1152,14
CUST_000189,Mature (12+ months),1152,11
CUST_000190,Churned/Dormant,1151,879
CUST_000191,Mature (12+ months),1149,10
CUST_000192,Mature (12+ months),1149,7
CUST_000193,Mature (12+ months),1148,7
CUST_000194,Mature (12+ months),1147,7
CUST_000195,Mature (12+ months),1146,6
CUST_000196,Churned/Dormant,1145,814
CUST_000197,Mature (12+ months),1139,28
CUST_000198,Mature (12+ months),1139,31
CUST_000199,Churned/Dormant,1134,923
CUST_000200,Mature (12+ months),1132,21
CUST_000201,Mature (12+ months),1131,20
CUST_000202,Mature (12+ months),1131,21
CUST_000203,Churned/Dormant,1130,710
CUST_000204,Mature (12+ months),1129,18
CUST_000205,Mature (12+ months),1127,16
CUST_000206,Mature (12+ months),1127,15
CUST_000207,Mature (12+ months),1124,16
CUST_000208,Mature (12+ months),1124,16
CUST_000209,Mature (12+ months),1121,10
CUST_000210,Mature (12+ months),1118,9
CUST_000211,Churned/Dormant,1118,726
CUST_000212,Mature (12+ months),1116,8
CUST_000213,Churned/Dormant,1114,542
CUST_000214,Mature (12+ months),1114,3
CUST_000215,Mature (12+ months),1114,4
CUST_000216,Mature (12+ months),1113,2
CUST_000217,Mature (12+ months),1113,2
CUST_000218,Mature (12+ months),1112,4
CUST_000219,Mature (12+ months),1111,29
CUST_000220,Mature (12+ months),1108,26
CUST_000221,Mature (12+ months),1106,24
CUST_000222,Mature (12+ months),1104,24
CUST_000223,Mature (12+ months),1101,21
CUST_000224,Mature (12+ months),1100,19
CUST_000225,Churned/Dormant,1098,677
CUST_000226,Mature (12+ months),1097,15
CUST_000227,Mature (12+ months),1095,13
CUST_000228,Mature (12+ months),1095,16
CUST_000229,Mature (12+ months),1093,13
CUST_000230,Mature (12+ months),1091,9
CUST_000231,Mature (12+ months),1090,8
CUST_000232,Churned/Dormant,1090,428
CUST_000233,Mature (12+ months),1089,8
CUST_000234,Churned/Dormant,1085,905
CUST_000235,Mature (12+ months),1082,0
CUST_000236,Churned/Dormant,1082,453
CUST_000237,Mature (12+ months),1081,31
CUST_000238,Mature (12+ months),1081,32
CUST_000239,Mature (12+ months),1081,33
CUST_000240,Mature (12+ months),1081,30
CUST_000241,Mature (12+ months),1079,27
CUST_000242,Mature (12+ months),1079,28
CUST_000243,Mature (12+ months),1078,30
CUST_000244,Mature (12+ months),1078,27
CUST_000245,Mature (12+ months),1077,29
CUST_000246,Mature (12+ months),1077,25
CUST_000247,Mature (12+ months),1074,24
CUST_000248,Mature (12+ months),1073,22
CUST_000249,Churned/Dormant,1069,380
CUST_000250,Churned/Dormant,1067,678
CUST_000251,Mature (12+ months),1066,14
CUST_000252,Mature (12+ months),1057,5
CUST_000253,Churned/Dormant,1057,638
CUST_000254,Churned/Dormant,1056,667
CUST_000255,Mature (12+ months),1054,3
CUST_000256,Churned/Dormant,1052,364
CUST_000257,Mature (12+ months),1050,32
CUST_000258,Mature (12+ months),1047,26
CUST_000259,Mature (12+ months),1047,26
CUST_000260,Churned/Dormant,1046,987
CUST_000261,Mature (12+ months),1045,25
CUST_000262,Mature (12+ months),1045,27
CUST_000263,Mature (12+ months),1044,26
CUST_000264,Churned/Dormant,1041,770
CUST_000265,Mature (12+ months),1039,21
CUST_000266,Mature (12+ months),1039,18
CUST_000267,Churned/Dormant,1036,647
CUST_000268,Mature (12+ months),1034,15
CUST_000269,Mature (12+ months),1034,14
CUST_000270,Churned/Dormant,1032,430
CUST_000271,Mature (12+ months),1031,9
CUST_000272,Mature (12+ months),1031,9
CUST_000273,Mature (12+ months),1030,11
CUST_000274,Churned/Dormant,1030,852
CUST_000275,Churned/Dormant,1030,672
CUST_000276,Churned/Dormant,1030,760
CUST_000277,Mature (12+ months),1029,9
CUST_000278,Churned/Dormant,1029,910
CUST_000279,Mature (12+ months),1028,9
CUST_000280,Mature (12+ months),1024,2
CUST_000281,Mature (12+ months),1023,5
CUST_000282,Mature (12+ months),1023,4
CUST_000283,Mature (12+ months),1022,0
CUST_000284,Mature (12+ months),1021,30
CUST_000285,Mature (12+ months),1021,33
CUST_000286,Mature (12+ months),1020,30
CUST_000287,Mature (12+ months),1018,27
CUST_000288,Mature (12+ months),1015,26
CUST_000289,Mature (12+ months),1014,26
CUST_000290,Mature (12+ months),1013,24
CUST_000291,Mature (12+ months),1011,22
CUST_000292,Churned/Dormant,1011,773
CUST_000293,Churned/Dormant,1011,652
CUST_000294,Churned/Dormant,1010,381
CUST_000295,Mature (12+ months),1010,18
CUST_000296,Mature (12+ months),1010,19
CUST_000297,Mature (12+ months),1009,19
CUST_000298,Mature (12+ months),1008,16
CUST_000299,Mature (12+ months),1008,18
CUST_000300,Mature (12+ months),1007,18
CUST_000301,Mature (12+ months),1007,17
CUST_000302,Mature (12+ months),1005,13
CUST_000303,Mature (12+ months),1005,16
CUST_000304,Mature (12+ months),1004,13
CUST_000305,Mature (12+ months),1004,14
CUST_000306,Mature (12+ months),1002,11
CUST_000307,Mature (12+ months),999,10
CUST_000308,Mature (12+ months),993,3
CUST_000309,Mature (12+ months),992,2
CUST_000310,Mature (12+ months),991,32
CUST_000311,Churned/Dormant,991,839
CUST_000312,Churned/Dormant,989,447
CUST_000313,Mature (12+ months),988,29
CUST_000314,Mature (12+ months),988,26
CUST_000315,Mature (12+ months),988,28
CUST_000316,Churned/Dormant,984,745
CUST_000317,Mature (12+ months),979,19
CUST_000318,Mature (12+ months),977,18
CUST_000319,Mature (12+ months),976,14
CUST_000320,Mature (12+ months),975,17
CUST_000321,Churned/Dormant,975,286
CUST_000322,Mature (12+ months),975,15
CUST_000323,Mature (12+ months),972,11
CUST_000324,Mature (12+ months),972,14
CUST_000325,Churned/Dormant,967,307
CUST_000326,Mature (12+ months),966,8
CUST_000327,Churned/Dormant,962,542
CUST_000328,Churned/Dormant,961,601
CUST_000329,Mature (12+ months),961,33
CUST_000330,Churned/Dormant,960,361
CUST_000331,Mature (12+ months),959,31
CUST_000332,Mature (12+ months),958,30
CUST_000333,Mature (12+ months),958,26
CUST_000334,Churned/Dormant,957,296
CUST_000335,Mature (12+ months),957,27
CUST_000336,Mature (12+ months),956,24
CUST_000337,Mature (12+ months),956,28
CUST_000338,Churned/Dormant,952,384
CUST_000339,Mature (12+ months),952,24
CUST_000340,Mature (12+ months),951,20
CUST_000341,Churned/Dormant,950,801
CUST_000342,Churned/Dormant,949,560
CUST_000343,Mature (12+ months),945,17
CUST_000344,Churned/Dormant,943,285
CUST_000345,Mature (12+ months),942,11
CUST_000346,Churned/Dormant,942,764
CUST_000347,Mature (12+ months),941,9
CUST_000348,Mature (12+ months),940,9
CUST_000349,Churned/Dormant,939,281
CUST_000350,Mature (12+ months),939,11
CUST_000351,Mature (12+ months),938,6
CUST_000352,Mature (12+ months),938,6
CUST_000353,Mature (12+ months),937,8
CUST_000354,Mature (12+ months),937,7
CUST_000355,Mature (12+ months),936,7
CUST_000356,Mature (12+ months),935,3
CUST_000357,Mature (12+ months),929,30
CUST_000358,Churned/Dormant,929,869
CUST_000359,Mature (12+ months),929,27
CUST_000360,Mature (12+ months),928,29
CUST_000361,Mature (12+ months),927,29
CUST_000362,Mature (12+ months),927,26
CUST_000363,Mature (12+ months),926,28
CUST_000364,Churned/Dormant,926,626
CUST_000365,Mature (12+ months),926,28
CUST_000366,Mature (12+ months),923,22
CUST_000367,Mature (12+ months),922,24
CUST_000368,Mature (12+ months),921,21
CUST_000369,Churned/Dormant,918,589
CUST_000370,Mature (12+ months),918,17
CUST_000371,Mature (12+ months),916,15
CUST_000372,Churned/Dormant,916,197
CUST_000373,Mature (12+ months),911,9
CUST_000374,Mature (12+ months),911,13
CUST_000375,Mature (12+ months),909,9
CUST_000376,Mature (12+ months),908,6
CUST_000377,Mature (12+ months),908,10
CUST_000378,Mature (12+ months),907,8
CUST_000379,Mature (12+ months),903,4
CUST_000380,Mature (12+ months),903,4
CUST_000381,Mature (12+ months),900,31
CUST_000382,Mature (12+ months),900,32
CUST_000383,Mature (12+ months),896,28
CUST_000384,Mature (12+ months),893,25
CUST_000385,Mature (12+ months),890,19
CUST_000386,Mature (12+ months),890,21
CUST_000387,Mature (12+ months),889,20
CUST_000388,Churned/Dormant,888,767
CUST_000389,Churned/Dormant,887,768
CUST_000390,Mature (12+ months),887,19
CUST_000391,Mature (12+ months),887,16
CUST_000392,Mature (12+ months),885,15
CUST_000393,Mature (12+ months),883,12
CUST_000394,Mature (12+ months),883,15
CUST_000395,Mature (12+ months),882,10
CUST_000396,Mature (12+ months),882,11
CUST_000397,Mature (12+ months),882,11
CUST_000398,Mature (12+ months),882,13
CUST_000399,Churned/Dormant,881,191
CUST_000400,Mature (12+ months),878,7
CUST_000401,Mature (12+ months),877,6
CUST_000402,Mature (12+ months),876,7
CUST_000403,Churned/Dormant,876,247
CUST_000404,Mature (12+ months),875,6
CUST_000405,Mature (12+ months),873,3
CUST_000406,Churned/Dormant,873,602
CUST_000407,Churned/Dormant,872,363
CUST_000408,Churned/Dormant,872,484
CUST_000409,Mature (12+ months),870,32
CUST_000410,Mature (12+ months),869,28
CUST_000411,Mature (12+ months),866,28
CUST_000412,Mature (12+ months),865,23
CUST_000413,Churned/Dormant,860,648
CUST_000414,Churned/Dormant,860,438
CUST_000415,Churned/Dormant,860,801
CUST_000416,Churned/Dormant,859,767
CUST_000417,Mature (12+ months),859,21
CUST_000418,Churned/Dormant,859,377
CUST_000419,Churned/Dormant,858,796
CUST_000420,Churned/Dormant,856,616
CUST_000421,Mature (12+ months),855,17
CUST_000422,Mature (12+ months),854,16
CUST_000423,Churned/Dormant,853,135
CUST_000424,Mature (12+ months),852,14
CUST_000425,Mature (12+ months),852,10
CUST_000426,Mature (12+ months),851,12
CUST_000427,Mature (12+ months),851,13
CUST_000428,Mature (12+ months),848,9
CUST_000429,Mature (12+ months),848,8
CUST_000430,Mature (12+ months),847,8
CUST_000431,Churned/Dormant,847,128
CUST_000432,Mature (12+ months),845,3
CUST_000433,Mature (12+ months),845,5
CUST_000434,Mature (12+ months),845,3
CUST_000435,Mature (12+ months),844,5
CUST_000436,Mature (12+ months),842,1
CUST_000437,Churned/Dormant,841,389
CUST_000438,Mature (12+ months),840,28
CUST_000439,Mature (12+ months),838,28
CUST_000440,Mature (12+ months),837,28
CUST_000441,Churned/Dormant,836,717
CUST_000442,Mature (12+ months),835,24
CUST_000443,Mature (12+ months),835,25
CUST_000444,Mature (12+ months),833,23
CUST_000445,Mature (12+ months),831,21
CUST_000446,Mature (12+ months),823,15
CUST_000447,Mature (12+ months),822,12
CUST_000448,Mature (12+ months),820,9
CUST_000449,Mature (12+ months),820,12
CUST_000450,Churned/Dormant,819,610
CUST_000451,Mature (12+ months),818,7
CUST_000452,Mature (12+ months),818,9
CUST_000453,Mature (12+ months),817,5
CUST_000454,Churned/Dormant,816,635
CUST_000455,Mature (12+ months),816,5
CUST_000456,Churned/Dormant,815,306
CUST_000457,Churned/Dormant,815,694
CUST_000458,Churned/Dormant,814,275
CUST_000459,Mature (12+ months),814,6
CUST_000460,Mature (12+ months),812,1
CUST_000461,Churned/Dormant,812,180
CUST_000462,Mature (12+ months),810,29
CUST_000463,Mature (12+ months),810,31
CUST_000464,Mature (12+ months),809,31
CUST_000465,Mature (12+ months),808,27
CUST_000466,Mature (12+ months),807,28
CUST_000467,Mature (12+ months),807,26
CUST_000468,Churned/Dormant,806,144
CUST_000469,Mature (12+ months),805,25
CUST_000470,Mature (12+ months),805,24
CUST_000471,Mature (12+ months),804,24
CUST_000472,Mature (12+ months),803,24
CUST_000473,Mature (12+ months),803,22
CUST_000474,Mature (12+ months),801,23
CUST_000475,Mature (12+ months),799,17
CUST_000476,Mature (12+ months),799,18
CUST_000477,Mature (12+ months),797,15
CUST_000478,Churned/Dormant,796,585
CUST_000479,Mature (12+ months),795,17
CUST_000480,Mature (12+ months),794,15
CUST_000481,Mature (12+ months),792,14
CUST_000482,Mature (12+ months),792,11
CUST_000483,Mature (12+ months),788,9
CUST_000484,Churned/Dormant,788,456
CUST_000485,Mature (12+ months),788,8
CUST_000486,Churned/Dormant,788,400
CUST_000487,Mature (12+ months),786,7
CUST_000488,Mature (12+ months),785,6
CUST_000489,Mature (12+ months),785,7
CUST_000490,Mature (12+ months),783,5
CUST_000491,Churned/Dormant,781,332
CUST_000492,Churned/Dormant,779,301
CUST_000493,Churned/Dormant,779,510
CUST_000494,Churned/Dormant,777,236
CUST_000495,Churned/Dormant,777,148
CUST_000496,At Risk,777,88
CUST_000497,Churned/Dormant,777,598
CUST_000498,Mature (12+ months),775,24
CUST_000499,Mature (12+ months),774,22
CUST_000500,Churned/Dormant,773,413
CUST_000501,Mature (12+ months),770,20
CUST_000502,Mature (12+ months),769,17
CUST_000503,Mature (12+ months),769,18
CUST_000504,Mature (12+ months),768,19
CUST_000505,Churned/Dormant,765,587
CUST_000506,Churned/Dormant,763,492
CUST_000507,Mature (12+ months),762,13
CUST_000508,Mature (12+ months),761,9
CUST_000509,Mature (12+ months),761,12
CUST_000510,Mature (12+ months),761,11
CUST_000511,Mature (12+ months),756,7
CUST_000512,Mature (12+ months),754,5
CUST_000513,Mature (12+ months),753,5
CUST_000514,Mature (12+ months),753,2
CUST_000515,Mature (12+ months),752,2
CUST_000516,Mature (12+ months),751,30
CUST_000517,At Risk,751,59
CUST_000518,Churned/Dormant,750,632
CUST_000519,Mature (12+ months),749,30
CUST_000520,Mature (12+ months),749,29
CUST_000521,Mature (12+ months),748,26
CUST_000522,Mature (12+ months),748,26
CUST_000523,Mature (12+ months),747,29
CUST_000524,Mature (12+ months),747,28
CUST_000525,Churned/Dormant,746,477
CUST_000526,Churned/Dormant,746,174
CUST_000527,Mature (12+ months),745,27
CUST_000528,Churned/Dormant,745,505
CUST_000529,Mature (12+ months),745,27
CUST_000530,Mature (12+ months),743,21
CUST_000531,Mature (12+ months),742,20
CUST_000532,Churned/Dormant,740,260
CUST_000533,Mature (12+ months),740,19
CUST_000534,Mature (12+ months),737,17
CUST_000535,Mature (12+ months),736,17
CUST_000536,Mature (12+ months),735,17
CUST_000537,Mature (12+ months),734,15
CUST_000538,Mature (12+ months),732,14
CUST_000539,Mature (12+ months),732,13
CUST_000540,Mature (12+ months),730,12
CUST_000541,Mature (12+ months),729,7
CUST_000542,Mature (12+ months),728,8
CUST_000543,Mature (12+ months),728,7
CUST_000544,Mature (12+ months),727,5
CUST_000545,Mature (12+ months),727,35
CUST_000546,Mature (12+ months),726,6
CUST_000547,Mature (12+ months),725,6
CUST_000548,Churned/Dormant,725,337
CUST_000549,Mature (12+ months),724,4
CUST_000550,Mature (12+ months),724,4
CUST_000551,Churned/Dormant,723,303
CUST_000552,Churned/Dormant,723,422
CUST_000553,Mature (12+ months),722,3
CUST_000554,Mature (12+ months),721,33
CUST_000555,Churned/Dormant,720,508
CUST_000556,Mature (12+ months),720,28
CUST_000557,Churned/Dormant,719,417
CUST_000558,Mature (12+ months),717,28
CUST_000559,Mature (12+ months),713,21
CUST_000560,Mature (12+ months),712,24
CUST_000561,Mature (12+ months),712,24
CUST_000562,Mature (12+ months),712,20
CUST_000563,Mature (12+ months),711,21
CUST_000564,Mature (12+ months),710,19
CUST_000565,Mature (12+ months),708,18
CUST_000566,Churned/Dormant,704,105
CUST_000567,Mature (12+ months),704,16
CUST_000568,Mature (12+ months),702,13
CUST_000569,Churned/Dormant,701,639
CUST_000570,Churned/Dormant,701,463
CUST_000571,Churned/Dormant,701,159
CUST_000572,Mature (12+ months),700,12
CUST_000573,Mature (12+ months),699,9
CUST_000574,Mature (12+ months),698,9
CUST_000575,Mature (12+ months),697,6
CUST_000576,Mature (12+ months),697,8
CUST_000577,Mature (12+ months),696,7
CUST_000578,Mature (12+ months),694,5
CUST_000579,Mature (12+ months),694,2
CUST_000580,Churned/Dormant,694,546
CUST_000581,Mature (12+ months),694,3
CUST_000582,Mature (12+ months),693,5
CUST_000583,Mature (12+ months),693,5
CUST_000584,Mature (12+ months),690,29
CUST_000585,Mature (12+ months),689,29
CUST_000586,Mature (12+ months),688,28
CUST_000587,Churned/Dormant,688,568
CUST_000588,Mature (12+ months),687,28
CUST_000589,Mature (12+ months),686,24
CUST_000590,Mature (12+ months),684,22
CUST_000591,Mature (12+ months),684,23
CUST_000592,Mature (12+ months),681,23
CUST_000593,Churned/Dormant,680,529
CUST_000594,Mature (12+ months),677,15
CUST_000595,Mature (12+ months),675,17
CUST_000596,Mature (12+ months),675,43
CUST_000597,Mature (12+ months),673,12
CUST_000598,Mature (12+ months),672,12
CUST_000599,Churned/Dormant,672,613
CUST_000600,Mature (12+ months),669,11
CUST_000601,Mature (12+ months),669,7
CUST_000602,Mature (12+ months),667,8
CUST_000603,Mature (12+ months),666,7
CUST_000604,Mature (12+ months),666,6
CUST_000605,Mature (12+ months),665,5
CUST_000606,Mature (12+ months),665,4
CUST_000607,Churned/Dormant,664,513
CUST_000608,Mature (12+ months),664,6
CUST_000609,Churned/Dormant,662,392
CUST_000610,Mature (12+ months),661,32
CUST_000611,Mature (12+ months),660,32
CUST_000612,Mature (12+ months),660,29
CUST_000613,Mature (12+ months),659,28
CUST_000614,Mature (12+ months),657,25
CUST_000615,Mature (12+ months),657,27
CUST_000616,Mature (12+ months),657,26
CUST_000617,Mature (12+ months),656,24
CUST_000618,Mature (12+ months),655,27
CUST_000619,Mature (12+ months),655,25
CUST_000620,Mature (12+ months),654,22
CUST_000621,Mature (12+ months),652,20
CUST_000622,Mature (12+ months),648,20
CUST_000623,Mature (12+ months),648,18
CUST_000624,Mature (12+ months),647,17
CUST_000625,Mature (12+ months),647,19
CUST_000626,Mature (12+ months),645,13
CUST_000627,Churned/Dormant,645,197
CUST_000628,Mature (12+ months),644,14
CUST_000629,Mature (12+ months),644,14
CUST_000630,Churned/Dormant,642,434
CUST_000631,Churned/Dormant,642,432
CUST_000632,Churned/Dormant,641,431
CUST_000633,Mature (12+ months),641,10
CUST_000634,Churned/Dormant,640,219
CUST_000635,Churned/Dormant,640,102
CUST_000636,Mature (12+ months),639,9
CUST_000637,Mature (12+ months),639,10
CUST_000638,Mature (12+ months),639,8
CUST_000639,Mature (12+ months),638,8
CUST_000640,Mature (12+ months),637,9
CUST_000641,Churned/Dormant,636,245
CUST_000642,Churned/Dormant,635,427
CUST_000643,Mature (12+ months),634,6
CUST_000644,Mature (12+ months),634,3
CUST_000645,Mature (12+ months),634,5
CUST_000646,Mature (12+ months),633,3
CUST_000647,Mature (12+ months),633,4
CUST_000648,Mature (12+ months),632,3
CUST_000649,Mature (12+ months),631,30
CUST_000650,Mature (12+ months),630,31
CUST_000651,Churned/Dormant,630,272
CUST_000652,Mature (12+ months),629,28
CUST_000653,Mature (12+ months),628,29
CUST_000654,Mature (12+ months),627,27
CUST_000655,Mature (12+ months),627,27
CUST_000656,Mature (12+ months),627,26
CUST_000657,Churned/Dormant,625,506
CUST_000658,Mature (12+ months),625,26
CUST_000659,Churned/Dormant,625,237
CUST_000660,Mature (12+ months),624,24
CUST_000661,Churned/Dormant,623,534
CUST_000662,Mature (12+ months),622,22
CUST_000663,Mature (12+ months),621,22
CUST_000664,Mature (12+ months),621,22
CUST_000665,Mature (12+ months),620,22
CUST_000666,Mature (12+ months),620,20
CUST_000667,Mature (12+ months),616,17
CUST_000668,Mature (12+ months),616,15
CUST_000669,Mature (12+ months),616,16
CUST_000670,Mature (12+ months),615,16
CUST_000671,Mature (12+ months),614,16
CUST_000672,Mature (12+ months),612,12
CUST_000673,Mature (12+ months),611,9
CUST_000674,Mature (12+ months),611,9
CUST_000675,Mature (12+ months),611,9
CUST_000676,Mature (12+ months),610,10
CUST_000677,Churned/Dormant,610,159
CUST_000678,Mature (12+ months),608,9
CUST_000679,Mature (12+ months),607,9
CUST_000680,Mature (12+ months),607,7
CUST_000681,Mature (12+ months),607,6
CUST_000682,Mature (12+ months),605,3
CUST_000683,Mature (12+ months),605,4
CUST_000684,Mature (12+ months),603,3
CUST_000685,Mature (12+ months),603,1
CUST_000686,At Risk,603,62
CUST_000687,Mature (12+ months),602,1
CUST_000688,Mature (12+ months),601,30
CUST_000689,Mature (12+ months),599,28
CUST_000690,Mature (12+ months),598,27
CUST_000691,Mature (12+ months),597,26
CUST_000692,Churned/Dormant,596,116
CUST_000693,Mature (12+ months),595,27
CUST_000694,Mature (12+ months),594,25
CUST_000695,Churned/Dormant,592,500
CUST_000696,Mature (12+ months),591,20
CUST_000697,Mature (12+ months),589,19
CUST_000698,Mature (12+ months),588,16
CUST_000699,Mature (12+ months),586,18
CUST_000700,Mature (12+ months),586,17
CUST_000701,Mature (12+ months),585,17
CUST_000702,Mature (12+ months),584,13
CUST_000703,Mature (12+ months),584,14
CUST_000704,Mature (12+ months),584,15
CUST_000705,Mature (12+ months),583,15
CUST_000706,Mature (12+ months),583,14
CUST_000707,Mature (12+ months),583,13
CUST_000708,Mature (12+ months),581,12
CUST_000709,Mature (12+ months),581,10
CUST_000710,Churned/Dormant,580,159
CUST_000711,Mature (12+ months),579,10
CUST_000712,Mature (12+ months),579,9
CUST_000713,Mature (12+ months),577,9
CUST_000714,Mature (12+ months),576,4
CUST_000715,Churned/Dormant,576,514
CUST_000716,Mature (12+ months),574,3
CUST_000717,Mature (12+ months),573,5
CUST_000718,Mature (12+ months),571,30
CUST_000719,Mature (12+ months),570,31
CUST_000720,Mature (12+ months),570,28
CUST_000721,Mature (12+ months),569,30
CUST_000722,Mature (12+ months),569,30
CUST_000723,Mature (12+ months),567,28
CUST_000724,Mature (12+ months),567,28
CUST_000725,Mature (12+ months),567,26
CUST_000726,Mature (12+ months),566,26
CUST_000727,Mature (12+ months),566,28
CUST_000728,Mature (12+ months),565,26
CUST_000729,Mature (12+ months),565,27
CUST_000730,Mature (12+ months),565,25
CUST_000731,Mature (12+ months),564,23
CUST_000732,Mature (12+ months),564,25
CUST_000733,Mature (12+ months),562,22
CUST_000734,Mature (12+ months),560,18
CUST_000735,Mature (12+ months),560,21
CUST_000736,Mature (12+ months),560,21
CUST_000737,Mature (12+ months),558,16
CUST_000738,Mature (12+ months),558,16
CUST_000739,Mature (12+ months),557,17
CUST_000740,Mature (12+ months),557,17
CUST_000741,Mature (12+ months),555,15
CUST_000742,Mature (12+ months),555,13
CUST_000743,Churned/Dormant,555,343
CUST_000744,Mature (12+ months),554,13
CUST_000745,Mature (12+ months),553,11
CUST_000746,Mature (12+ months),553,11
CUST_000747,Mature (12+ months),550,11
CUST_000748,Mature (12+ months),550,11
CUST_000749,Mature (12+ months),549,40
CUST_000750,Mature (12+ months),549,10
CUST_000751,Mature (12+ months),549,7
CUST_000752,Mature (12+ months),548,7
CUST_000753,Mature (12+ months),548,6
CUST_000754,Mature (12+ months),548,8
CUST_000755,Mature (12+ months),547,8
CUST_000756,Mature (12+ months),546,7
CUST_000757,Mature (12+ months),545,4
CUST_000758,Mature (12+ months),544,4
CUST_000759,Churned/Dormant,544,333
CUST_000760,Mature (12+ months),544,3
CUST_000761,Mature (12+ months),544,6
CUST_000762,Mature (12+ months),543,1
CUST_000763,Churned/Dormant,543,302
CUST_000764,Mature (12+ months),542,4
CUST_000765,Mature (12+ months),541,33
CUST_000766,Churned/Dormant,540,451
CUST_000767,Mature (12+ months),540,29
CUST_000768,Mature (12+ months),539,28
CUST_000769,Mature (12+ months),539,28
CUST_000770,Mature (12+ months),538,30
CUST_000771,Churned/Dormant,538,266
CUST_000772,Mature (12+ months),538,28
CUST_000773,Mature (12+ months),537,25
CUST_000774,Mature (12+ months),537,28
CUST_000775,Mature (12+ months),535,25
CUST_000776,Mature (12+ months),534,24
CUST_000777,Mature (12+ months),534,24
CUST_000778,Mature (12+ months),533,23
CUST_000779,Mature (12+ months),530,20
CUST_000780,Mature (12+ months),529,18
CUST_000781,Mature (12+ months),529,17
CUST_000782,Mature (12+ months),529,20
CUST_000783,Mature (12+ months),528,17
CUST_000784,Mature (12+ months),527,17
CUST_000785,Mature (12+ months),527,16
CUST_000786,Mature (12+ months),526,15
CUST_000787,At Risk,524,72
CUST_000788,Mature (12+ months),522,13
CUST_000789,Mature (12+ months),522,10
CUST_000790,Churned/Dormant,521,339
CUST_000791,Mature (12+ months),520,11
CUST_000792,Mature (12+ months),520,12
CUST_000793,Churned/Dormant,519,278
CUST_000794,Churned/Dormant,518,428
CUST_000795,Mature (12+ months),518,7
CUST_000796,Mature (12+ months),518,6
CUST_000797,Mature (12+ months),517,6
CUST_000798,Mature (12+ months),516,4
CUST_000799,Mature (12+ months),516,5
CUST_000800,Mature (12+ months),515,3
CUST_000801,Churned/Dormant,515,394
CUST_000802,Mature (12+ months),514,2
CUST_000803,Mature (12+ months),513,1
CUST_000804,Mature (12+ months),512,3
CUST_000805,Churned/Dormant,511,183
CUST_000806,Mature (12+ months),511,32
CUST_000807,Mature (12+ months),510,32
CUST_000808,Mature (12+ months),508,29
CUST_000809,Mature (12+ months),508,29
CUST_000810,Mature (12+ months),507,29
CUST_000811,Mature (12+ months),507,27
CUST_000812,Mature (12+ months),505,25
CUST_000813,Mature (12+ months),505,24
CUST_000814,Churned/Dormant,502,411
CUST_000815,Churned/Dormant,501,199
CUST_000816,At Risk,501,49
CUST_000817,Mature (12+ months),497,19
CUST_000818,Mature (12+ months),496,18
CUST_000819,Mature (12+ months),495,13
CUST_000820,Mature (12+ months),495,16
CUST_000821,Mature (12+ months),495,15
CUST_000822,Mature (12+ months),494,14
CUST_000823,Mature (12+ months),494,12
CUST_000824,Mature (12+ months),493,13
CUST_000825,Mature (12+ months),492,11
CUST_000826,Mature (12+ months),492,10
CUST_000827,Mature (12+ months),491,11
CUST_000828,Churned/Dormant,490,221
CUST_000829,Mature (12+ months),488,6
CUST_000830,Mature (12+ months),488,9
CUST_000831,Mature (12+ months),487,7
CUST_000832,Mature (12+ months),487,6
CUST_000833,Mature (12+ months),484,4
CUST_000834,Mature (12+ months),484,6
CUST_000835,Mature (12+ months),484,6
CUST_000836,Churned/Dormant,483,331
CUST_000837,Mature (12+ months),483,5
CUST_000838,Mature (12+ months),482,4
CUST_000839,Churned/Dormant,482,331
CUST_000840,Mature (12+ months),480,32
CUST_000841,Mature (12+ months),480,29
CUST_000842,Mature (12+ months),480,32
CUST_000843,Mature (12+ months),480,32
CUST_000844,Mature (12+ months),480,30
CUST_000845,Mature (12+ months),478,29
CUST_000846,Mature (12+ months),477,25
CUST_000847,Mature (12+ months),477,29
CUST_000848,Churned/Dormant,477,237
CUST_000849,Mature (12+ months),477,26
CUST_000850,Mature (12+ months),476,28
CUST_000851,Mature (12+ months),476,24
CUST_000852,Mature (12+ months),476,24
CUST_000853,Mature (12+ months),475,26
CUST_000854,Mature (12+ months),475,24
CUST_000855,At Risk,475,57
CUST_000856,Mature (12+ months),475,24
CUST_000857,Mature (12+ months),474,26
CUST_000858,Mature (12+ months),474,23
CUST_000859,Mature (12+ months),473,22
CUST_000860,Mature (12+ months),473,22
CUST_000861,Mature (12+ months),472,20
CUST_000862,Mature (12+ months),472,22
CUST_000863,Mature (12+ months),472,24
CUST_000864,Mature (12+ months),472,24
CUST_000865,Churned/Dormant,471,110
CUST_000866,Churned/Dormant,470,258
CUST_000867,Mature (12+ months),469,18
CUST_000868,Mature (12+ months),468,19
CUST_000869,Mature (12+ months),467,15
CUST_000870,Mature (12+ months),467,15
CUST_000871,Mature (12+ months),467,15
CUST_000872,Mature (12+ months),467,17
CUST_000873,Mature (12+ months),467,19
CUST_000874,Mature (12+ months),465,17
CUST_000875,Mature (12+ months),465,15
CUST_000876,Mature (12+ months),464,15
CUST_000877,Mature (12+ months),463,13
CUST_000878,Mature (12+ months),463,12
CUST_000879,Mature (12+ months),463,12
CUST_000880,Mature (12+ months),462,12
CUST_000881,Mature (12+ months),462,12
CUST_000882,Mature (12+ months),459,8
CUST_000883,Mature (12+ months),458,8
CUST_000884,Mature (12+ months),458,9
CUST_000885,Mature (12+ months),457,6
CUST_000886,Mature (12+ months),456,7
CUST_000887,Mature (12+ months),455,6
CUST_000888,Mature (12+ months),454,2
CUST_000889,Mature (12+ months),454,6
CUST_000890,Mature (12+ months),453,5
CUST_000891,Churned/Dormant,453,395
CUST_000892,Mature (12+ months),452,3
CUST_000893,Mature (12+ months),452,2
CUST_000894,Mature (12+ months),452,0
CUST_000895,Mature (12+ months),452,1
CUST_000896,Churned/Dormant,450,210
CUST_000897,Mature (12+ months),450,28
CUST_000898,Mature (12+ months),449,28
CUST_000899,Churned/Dormant,448,356
CUST_000900,Churned/Dormant,448,267
CUST_000901,Mature (12+ months),447,25
CUST_000902,Mature (12+ months),447,28
CUST_000903,Mature (12+ months),447,29
CUST_000904,Mature (12+ months),447,28
CUST_000905,Mature (12+ months),447,28
CUST_000906,Mature (12+ months),445,26
CUST_000907,Churned/Dormant,445,264
CUST_000908,Churned/Dormant,444,326
CUST_000909,Mature (12+ months),443,24
CUST_000910,Mature (12+ months),442,24
CUST_000911,Mature (12+ months),442,20
CUST_000912,Mature (12+ months),441,19
CUST_000913,Mature (12+ months),441,23
CUST_000914,Mature (12+ months),439,21
CUST_000915,Mature (12+ months),438,16
CUST_000916,Mature (12+ months),438,17
CUST_000917,Mature (12+ months),438,17
CUST_000918,Mature (12+ months),436,14
CUST_000919,Mature (12+ months),436,16
CUST_000920,Mature (12+ months),436,18
CUST_000921,Mature (12+ months),436,14
CUST_000922,Mature (12+ months),435,14
CUST_000923,Mature (12+ months),434,16
CUST_000924,Mature (12+ months),433,44
CUST_000925,Mature (12+ months),433,15
CUST_000926,Mature (12+ months),431,11
CUST_000927,Mature (12+ months),431,11
CUST_000928,Mature (12+ months),430,10
CUST_000929,Mature (12+ months),429,8
CUST_000930,Mature (12+ months),428,6
CUST_000931,Mature (12+ months),426,5
CUST_000932,Mature (12+ months),426,6
CUST_000933,Mature (12+ months),425,4
CUST_000934,Churned/Dormant,425,243
CUST_000935,Mature (12+ months),424,6
CUST_000936,Mature (12+ months),423,1
CUST_000937,Mature (12+ months),423,3
CUST_000938,Mature (12+ months),423,1
CUST_000939,Mature (12+ months),422,2
CUST_000940,Mature (12+ months),422,0
CUST_000941,Mature (12+ months),421,32
CUST_000942,Mature (12+ months),421,33
CUST_000943,Mature (12+ months),419,31
CUST_000944,Mature (12+ months),419,30
CUST_000945,Mature (12+ months),419,30
CUST_000946,Mature (12+ months),418,27
CUST_000947,Mature (12+ months),418,27
CUST_000948,Mature (12+ months),417,29
CUST_000949,Mature (12+ months),416,27
CUST_000950,Mature (12+ months),416,28
CUST_000951,Mature (12+ months),415,26
CUST_000952,Churned/Dormant,415,356
CUST_000953,Mature (12+ months),414,22
CUST_000954,Mature (12+ months),414,25
CUST_000955,Mature (12+ months),414,24
CUST_000956,Mature (12+ months),414,26
CUST_000957,Mature (12+ months),412,23
CUST_000958,Mature (12+ months),412,20
CUST_000959,Mature (12+ months),412,21
CUST_000960,Mature (12+ months),411,21
CUST_000961,Mature (12+ months),411,19
CUST_000962,Mature (12+ months),411,21
CUST_000963,Mature (12+ months),411,19
CUST_000964,Mature (12+ months),410,22
CUST_000965,Mature (12+ months),410,19
CUST_000966,Mature (12+ months),409,17
CUST_000967,Mature (12+ months),409,19
CUST_000968,Mature (12+ months),409,21
CUST_000969,Mature (12+ months),409,20
CUST_000970,Mature (12+ months),407,18
CUST_000971,Mature (12+ months),407,18
CUST_000972,Mature (12+ months),407,16
CUST_000973,Mature (12+ months),406,16
CUST_000974,Mature (12+ months),406,18
CUST_000975,Mature (12+ months),405,15
CUST_000976,Mature (12+ months),405,13
CUST_000977,Mature (12+ months),404,13
CUST_000978,Churned/Dormant,404,344
CUST_000979,Mature (12+ months),404,16
CUST_000980,Mature (12+ months),404,15
CUST_000981,Mature (12+ months),404,14
CUST_000982,Churned/Dormant,403,254
CUST_000983,Mature (12+ months),403,11
CUST_000984,Mature (12+ months),403,15
CUST_000985,Mature (12+ months),402,13
CUST_000986,Mature (12+ months),402,10
CUST_000987,Churned/Dormant,402,223
CUST_000988,Mature (12+ months),401,10
CUST_000989,Churned/Dormant,399,280
CUST_000990,Mature (12+ months),399,10
CUST_000991,Mature (12+ months),398,7
CUST_000992,Churned/Dormant,398,99
CUST_000993,Mature (12+ months),397,8
CUST_000994,Mature (12+ months),397,6
CUST_000995,Churned/Dormant,397,248
CUST_000996,Mature (12+ months),396,6
CUST_000997,Mature (12+ months),396,5
CUST_000998,Mature (12+ months),394,3
CUST_000999,Mature (12+ months),394,4
CUST_001000,Churned/Dormant,394,213
CUST_001001,Mature (12+ months),393,3
CUST_001002,Mature (12+ months),393,5
CUST_001003,Mature (12+ months),393,5
CUST_001004,Mature (12+ months),390,31
CUST_001005,Mature (12+ months),390,29
CUST_001006,Mature (12+ months),388,28
CUST_001007,Churned/Dormant,388,179
CUST_001008,Mature (12+ months),386,28
CUST_001009,Churned/Dormant,384,296
CUST_001010,Churned/Dormant,383,173
CUST_001011,Mature (12+ months),382,22
CUST_001012,Mature (12+ months),381,22
CUST_001013,Mature (12+ months),381,22
CUST_001014,Mature (12+ months),381,22
CUST_001015,Mature (12+ months),380,22
CUST_001016,Mature (12+ months),380,21
CUST_001017,Mature (12+ months),380,19
CUST_001018,Mature (12+ months),379,19
CUST_001019,Mature (12+ months),378,18
CUST_001020,Mature (12+ months),378,16
CUST_001021,Mature (12+ months),378,17
CUST_001022,Churned/Dormant,378,110
CUST_001023,Mature (12+ months),377,17
CUST_001024,Mature (12+ months),376,14
CUST_001025,Mature (12+ months),375,15
CUST_001026,Mature (12+ months),375,15
CUST_001027,Mature (12+ months),374,13
CUST_001028,Mature (12+ months),373,13
CUST_001029,Mature (12+ months),373,14
CUST_001030,Mature (12+ months),373,12
CUST_001031,Mature (12+ months),372,14
CUST_001032,Churned/Dormant,371,252
CUST_001033,Mature (12+ months),370,12
CUST_001034,Mature (12+ months),369,8
CUST_001035,Mature (12+ months),369,10
CUST_001036,Mature (12+ months),369,11
CUST_001037,Mature (12+ months),368,9
CUST_001038,Mature (12+ months),368,10
CUST_001039,Mature (12+ months),367,9
CUST_001040,Mature (12+ months),367,9
CUST_001041,Established (6-12 months),365,3
CUST_001042,Established (6-12 months),365,3
CUST_001043,Established (6-12 months),362,4
CUST_001044,Established (6-12 months),362,2
CUST_001045,Established (6-12 months),361,33
CUST_001046,Established (6-12 months),360,32
CUST_001047,Established (6-12 months),360,30
CUST_001048,Established (6-12 months),360,30
CUST_001049,Established (6-12 months),360,29
CUST_001050,Established (6-12 months),359,27
CUST_001051,Established (6-12 months),357,26
CUST_001052,Established (6-12 months),357,29
CUST_001053,Established (6-12 months),357,29
CUST_001054,Established (6-12 months),356,25
CUST_001055,Established (6-12 months),355,25
CUST_001056,Established (6-12 months),355,26
CUST_001057,Established (6-12 months),354,22
CUST_001058,Established (6-12 months),354,22
CUST_001059,Established (6-12 months),354,26
CUST_001060,Established (6-12 months),353,25
CUST_001061,Established (6-12 months),352,24
CUST_001062,Declining,352,260
CUST_001063,Established (6-12 months),351,23
CUST_001064,Established (6-12 months),351,23
CUST_001065,Established (6-12 months),350,19
CUST_001066,Declining,350,232
CUST_001067,Established (6-12 months),348,17
CUST_001068,Established (6-12 months),348,19
CUST_001069,Established (6-12 months),348,18
CUST_001070,Established (6-12 months),348,19
CUST_001071,Established (6-12 months),348,18
CUST_001072,Established (6-12 months),348,18
CUST_001073,Established (6-12 months),347,17
CUST_001074,Established (6-12 months),347,16
CUST_001075,Established (6-12 months),347,15
CUST_001076,Established (6-12 months),346,14
CUST_001077,Established (6-12 months),345,14
CUST_001078,Established (6-12 months),345,17
CUST_001079,Established (6-12 months),344,14
CUST_001080,Established (6-12 months),344,12
CUST_001081,Established (6-12 months),343,11
CUST_001082,Established (6-12 months),343,12
CUST_001083,Established (6-12 months),343,15
CUST_001084,Established (6-12 months),342,13
CUST_001085,Established (6-12 months),342,10
CUST_001086,Established (6-12 months),342,14
CUST_001087,Established (6-12 months),340,8
CUST_001088,Established (6-12 months),339,8
CUST_001089,Established (6-12 months),338,8
CUST_001090,Established (6-12 months),338,6
CUST_001091,Established (6-12 months),338,8
CUST_001092,Established (6-12 months),338,7
CUST_001093,Established (6-12 months),337,5
CUST_001094,Declining,337,128
CUST_001095,Established (6-12 months),337,7
CUST_001096,Established (6-12 months),337,7
CUST_001097,Established (6-12 months),336,5
CUST_001098,Established (6-12 months),335,5
CUST_001099,Established (6-12 months),335,4
CUST_001100,Established (6-12 months),335,4
CUST_001101,Established (6-12 months),334,6
CUST_001102,Established (6-12 months),334,2
CUST_001103,Established (6-12 months),333,1
CUST_001104,Established (6-12 months),333,2
CUST_001105,Established (6-12 months),333,5
CUST_001106,Established (6-12 months),333,5
CUST_001107,Established (6-12 months),333,4
CUST_001108,Established (6-12 months),333,5
CUST_001109,Established (6-12 months),332,0
CUST_001110,Established (6-12 months),332,4
CUST_001111,Established (6-12 months),331,32
CUST_001112,Established (6-12 months),331,33
CUST_001113,Established (6-12 months),331,32
CUST_001114,Established (6-12 months),330,31
CUST_001115,Established (6-12 months),330,31
CUST_001116,Established (6-12 months),329,30
CUST_001117,Established (6-12 months),328,27
CUST_001118,Established (6-12 months),328,29
CUST_001119,Established (6-12 months),328,26
CUST_001120,Established (6-12 months),328,30
CUST_001121,Established (6-12 months),327,29
CUST_001122,Established (6-12 months),327,27
CUST_001123,Established (6-12 months),326,24
CUST_001124,Declining,326,238
CUST_001125,Established (6-12 months),325,27
CUST_001126,Established (6-12 months),324,24
CUST_001127,Established (6-12 months),323,25
CUST_001128,Established (6-12 months),323,22
CUST_001129,Established (6-12 months),322,20
CUST_001130,Established (6-12 months),321,21
CUST_001131,Established (6-12 months),320,21
CUST_001132,Established (6-12 months),320,22
CUST_001133,Established (6-12 months),319,21
CUST_001134,Established (6-12 months),318,16
CUST_001135,Established (6-12 months),317,19
CUST_001136,Established (6-12 months),317,17
CUST_001137,Established (6-12 months),317,17
CUST_001138,Established (6-12 months),316,15
CUST_001139,Established (6-12 months),316,17
CUST_001140,Established (6-12 months),316,17
CUST_001141,Established (6-12 months),316,14
CUST_001142,Established (6-12 months),316,16
CUST_001143,Established (6-12 months),316,17
CUST_001144,Established (6-12 months),314,13
CUST_001145,Established (6-12 months),313,11
CUST_001146,Established (6-12 months),312,14
CUST_001147,Established (6-12 months),312,12
CUST_001148,Established (6-12 months),311,12
CUST_001149,Established (6-12 months),311,13
CUST_001150,Established (6-12 months),311,10
CUST_001151,Established (6-12 months),310,10
CUST_001152,Established (6-12 months),310,12
CUST_001153,Established (6-12 months),309,10
CUST_001154,Established (6-12 months),309,11
CUST_001155,Established (6-12 months),309,7
CUST_001156,Established (6-12 months),309,11
CUST_001157,Established (6-12 months),309,10
CUST_001158,Established (6-12 months),309,8
CUST_001159,Established (6-12 months),309,10
CUST_001160,Established (6-12 months),309,8
CUST_001161,Established (6-12 months),309,9
CUST_001162,Declining,309,127
CUST_001163,Established (6-12 months),308,37
CUST_001164,Established (6-12 months),308,8
CUST_001165,Established (6-12 months),308,8
CUST_001166,Established (6-12 months),307,5
CUST_001167,Established (6-12 months),307,7
CUST_001168,Established (6-12 months),307,5
CUST_001169,Established (6-12 months),307,7
CUST_001170,Established (6-12 months),307,9
CUST_001171,Established (6-12 months),306,8
CUST_001172,Established (6-12 months),306,7
CUST_001173,Established (6-12 months),306,4
CUST_001174,Established (6-12 months),306,5
CUST_001175,Established (6-12 months),306,6
CUST_001176,Established (6-12 months),304,6
CUST_001177,Established (6-12 months),303,5
CUST_001178,Established (6-12 months),303,3
CUST_001179,Established (6-12 months),302,0
CUST_001180,Established (6-12 months),302,1
CUST_001181,Established (6-12 months),302,0
CUST_001182,Established (6-12 months),302,2
CUST_001183,Established (6-12 months),301,29
CUST_001184,Established (6-12 months),301,31
CUST_001185,Established (6-12 months),301,32
CUST_001186,Established (6-12 months),301,32
CUST_001187,Established (6-12 months),299,29
CUST_001188,Established (6-12 months),299,27
CUST_001189,Established (6-12 months),299,28
CUST_001190,Established (6-12 months),299,31
CUST_001191,Established (6-12 months),298,28
CUST_001192,Established (6-12 months),298,28
CUST_001193,Established (6-12 months),297,28
CUST_001194,Established (6-12 months),297,26
CUST_001195,Established (6-12 months),297,26
CUST_001196,Established (6-12 months),297,27
CUST_001197,Established (6-12 months),296,24
CUST_001198,Established (6-12 months),296,24
CUST_001199,Established (6-12 months),296,26
CUST_001200,Established (6-12 months),295,23
CUST_001201,Established (6-12 months),295,23
CUST_001202,Established (6-12 months),294,23
CUST_001203,Declining,293,55
CUST_001204,Established (6-12 months),293,23
CUST_001205,Established (6-12 months),293,21
CUST_001206,Established (6-12 months),293,24
CUST_001207,Established (6-12 months),292,23
CUST_001208,Established (6-12 months),292,22
CUST_001209,Declining,292,80
CUST_001210,Established (6-12 months),292,23
CUST_001211,Established (6-12 months),291,23
CUST_001212,Established (6-12 months),290,19
CUST_001213,Established (6-12 months),290,19
CUST_001214,Established (6-12 months),290,18
CUST_001215,Established (6-12 months),290,22
CUST_001216,Established (6-12 months),290,21
CUST_001217,Declining,290,108
CUST_001218,Established (6-12 months),288,19
CUST_001219,Established (6-12 months),288,16
CUST_001220,Established (6-12 months),287,18
CUST_001221,Established (6-12 months),287,16
CUST_001222,Established (6-12 months),285,13
CUST_001223,Established (6-12 months),285,13
CUST_001224,Established (6-12 months),285,15
CUST_001225,Declining,284,225
CUST_001226,Declining,284,196
CUST_001227,Established (6-12 months),284,12
CUST_001228,Established (6-12 months),283,14
CUST_001229,Established (6-12 months),283,14
CUST_001230,Established (6-12 months),282,13
CUST_001231,Established (6-12 months),280,9
CUST_001232,Established (6-12 months),280,10
CUST_001233,Established (6-12 months),279,7
CUST_001234,Established (6-12 months),278,7
CUST_001235,Established (6-12 months),278,10
CUST_001236,Established (6-12 months),277,5
CUST_001237,Established (6-12 months),277,7
CUST_001238,Established (6-12 months),276,5
CUST_001239,Established (6-12 months),275,3
CUST_001240,Established (6-12 months),275,3
CUST_001241,Declining,275,64
CUST_001242,Established (6-12 months),274,4
CUST_001243,Established (6-12 months),274,2
CUST_001244,Established (6-12 months),274,2
CUST_001245,Established (6-12 months),273,2
CUST_001246,Declining,273,62
CUST_001247,Established (6-12 months),273,4
CUST_001248,Established (6-12 months),273,5
CUST_001249,Declining,273,63
CUST_001250,Established (6-12 months),272,4
CUST_001251,Established (6-12 months),272,1
CUST_001252,Declining,272,153
CUST_001253,Established (6-12 months),272,3
CUST_001254,Established (6-12 months),271,29
CUST_001255,Established (6-12 months),271,30
CUST_001256,Established (6-12 months),269,27
CUST_001257,Established (6-12 months),269,28
CUST_001258,Established (6-12 months),268,30
CUST_001259,Established (6-12 months),267,27
CUST_001260,Established (6-12 months),267,27
CUST_001261,Established (6-12 months),266,25
CUST_001262,Established (6-12 months),266,25
CUST_001263,Established (6-12 months),266,24
CUST_001264,Established (6-12 months),266,26
CUST_001265,Established (6-12 months),266,27
CUST_001266,Established (6-12 months),266,25
CUST_001267,Declining,266,206
CUST_001268,Established (6-12 months),266,27
CUST_001269,Established (6-12 months),265,26
CUST_001270,Established (6-12 months),264,23
CUST_001271,Established (6-12 months),264,25
CUST_001272,Established (6-12 months),263,23
CUST_001273,Established (6-12 months),263,24
CUST_001274,Established (6-12 months),262,23
CUST_001275,Established (6-12 months),261,21
CUST_001276,Established (6-12 months),261,20
CUST_001277,Established (6-12 months),260,20
CUST_001278,Established (6-12 months),258,16
CUST_001279,Established (6-12 months),258,16
CUST_001280,Established (6-12 months),258,19
CUST_001281,Declining,258,197
CUST_001282,Established (6-12 months),257,19
CUST_001283,Established (6-12 months),257,18
CUST_001284,Declining,257,49
CUST_001285,Established (6-12 months),257,15
CUST_001286,Established (6-12 months),257,19
CUST_001287,Established (6-12 months),256,18
CUST_001288,Established (6-12 months),256,16
CUST_001289,Established (6-12 months),255,16
CUST_001290,Established (6-12 months),255,17
CUST_001291,Established (6-12 months),254,16
CUST_001292,Established (6-12 months),254,12
CUST_001293,Established (6-12 months),254,15
CUST_001294,Established (6-12 months),253,12
CUST_001295,Declining,253,105
CUST_001296,Established (6-12 months),253,15
CUST_001297,Established (6-12 months),252,13
CUST_001298,Established (6-12 months),252,11
CUST_001299,Established (6-12 months),252,12
CUST_001300,Established (6-12 months),251,11
CUST_001301,Established (6-12 months),251,12
CUST_001302,Established (6-12 months),250,10
CUST_001303,Established (6-12 months),250,11
CUST_001304,Established (6-12 months),250,8
CUST_001305,Established (6-12 months),250,10
CUST_001306,Established (6-12 months),249,11
CUST_001307,Declining,249,127
CUST_001308,Established (6-12 months),249,9
CUST_001309,Established (6-12 months),248,8
CUST_001310,Established (6-12 months),248,9
CUST_001311,Established (6-12 months),247,8
CUST_001312,Established (6-12 months),247,9
CUST_001313,Established (6-12 months),247,5
CUST_001314,Established (6-12 months),247,8
CUST_001315,Established (6-12 months),246,5
CUST_001316,Established (6-12 months),245,5
CUST_001317,Established (6-12 months),245,6
CUST_001318,Established (6-12 months),244,2
CUST_001319,Established (6-12 months),244,5
CUST_001320,Established (6-12 months),244,2
CUST_001321,Established (6-12 months),243,5
CUST_001322,Established (6-12 months),243,2
CUST_001323,Established (6-12 months),243,1
CUST_001324,Established (6-12 months),242,4
CUST_001325,Established (6-12 months),242,0
CUST_001326,Established (6-12 months),242,1
CUST_001327,Established (6-12 months),241,32
CUST_001328,Established (6-12 months),241,29
CUST_001329,Established (6-12 months),240,31
CUST_001330,Established (6-12 months),240,31
CUST_001331,Established (6-12 months),240,28
CUST_001332,Established (6-12 months),239,27
CUST_001333,Established (6-12 months),239,28
CUST_001334,Established (6-12 months),238,26
CUST_001335,Established (6-12 months),237,25
CUST_001336,Established (6-12 months),237,29
CUST_001337,Established (6-12 months),236,27
CUST_001338,Established (6-12 months),236,26
CUST_001339,Established (6-12 months),235,23
CUST_001340,Declining,235,173
CUST_001341,Established (6-12 months),234,24
CUST_001342,Established (6-12 months),234,25
CUST_001343,Established (6-12 months),233,23
CUST_001344,Established (6-12 months),232,21
CUST_001345,Established (6-12 months),232,24
CUST_001346,Established (6-12 months),230,18
CUST_001347,Established (6-12 months),230,18
CUST_001348,Established (6-12 months),230,22
CUST_001349,Established (6-12 months),230,20
CUST_001350,Established (6-12 months),230,21
CUST_001351,Established (6-12 months),230,18
CUST_001352,Established (6-12 months),230,20
CUST_001353,Established (6-12 months),230,20
CUST_001354,Established (6-12 months),230,20
CUST_001355,Established (6-12 months),229,18
CUST_001356,Established (6-12 months),228,17
CUST_001357,Established (6-12 months),228,17
CUST_001358,Established (6-12 months),228,18
CUST_001359,Established (6-12 months),227,16
CUST_001360,Established (6-12 months),227,15
CUST_001361,Established (6-12 months),227,15
CUST_001362,Established (6-12 months),227,15
CUST_001363,Established (6-12 months),226,18
CUST_001364,Established (6-12 months),226,15
CUST_001365,Established (6-12 months),226,14
CUST_001366,Declining,225,103
CUST_001367,Established (6-12 months),224,16
CUST_001368,Established (6-12 months),224,12
CUST_001369,Established (6-12 months),224,16
CUST_001370,Established (6-12 months),223,11
CUST_001371,Established (6-12 months),223,12
CUST_001372,Established (6-12 months),222,13
CUST_001373,Established (6-12 months),222,11
CUST_001374,Established (6-12 months),222,12
CUST_001375,Established (6-12 months),222,11
CUST_001376,Established (6-12 months),221,13
CUST_001377,Established (6-12 months),221,9
CUST_001378,Established (6-12 months),220,10
CUST_001379,Established (6-12 months),219,8
CUST_001380,Established (6-12 months),218,10
CUST_001381,Established (6-12 months),218,10
CUST_001382,Established (6-12 months),217,7
CUST_001383,Established (6-12 months),217,5
CUST_001384,Established (6-12 months),216,8
CUST_001385,Established (6-12 months),216,8
CUST_001386,Established (6-12 months),216,4
CUST_001387,Established (6-12 months),216,8
CUST_001388,Established (6-12 months),215,3
CUST_001389,Established (6-12 months),215,4
CUST_001390,Established (6-12 months),214,3
CUST_001391,Established (6-12 months),214,4
CUST_001392,Established (6-12 months),214,4
CUST_001393,Established (6-12 months),214,4
CUST_001394,Established (6-12 months),213,3
CUST_001395,Established (6-12 months),213,1
CUST_001396,Established (6-12 months),213,3
CUST_001397,Established (6-12 months),213,5
CUST_001398,Established (6-12 months),212,3
CUST_001399,Established (6-12 months),212,4
CUST_001400,Established (6-12 months),212,1
CUST_001401,Established (6-12 months),212,3
CUST_001402,Established (6-12 months),212,3
CUST_001403,Established (6-12 months),211,31
CUST_001404,Established (6-12 months),211,33
CUST_001405,Established (6-12 months),211,30
CUST_001406,Established (6-12 months),210,31
CUST_001407,Established (6-12 months),210,31
CUST_001408,Established (6-12 months),210,32
CUST_001409,Established (6-12 months),210,29
CUST_001410,Established (6-12 months),210,30
CUST_001411,Established (6-12 months),210,30
CUST_001412,Established (6-12 months),209,31
CUST_001413,Established (6-12 months),209,27
CUST_001414,Declining,209,90
CUST_001415,Established (6-12 months),208,26
CUST_001416,Established (6-12 months),208,26
CUST_001417,Established (6-12 months),208,29
CUST_001418,Established (6-12 months),208,27
CUST_001419,Established (6-12 months),207,29
CUST_001420,Established (6-12 months),207,26
CUST_001421,Established (6-12 months),207,29
CUST_001422,Established (6-12 months),207,26
CUST_001423,Established (6-12 months),206,28
CUST_001424,Established (6-12 months),205,23
CUST_001425,Established (6-12 months),205,26
CUST_001426,Established (6-12 months),205,26
CUST_001427,Established (6-12 months),204,26
CUST_001428,Established (6-12 months),204,24
CUST_001429,Established (6-12 months),203,23
CUST_001430,Established (6-12 months),203,23
CUST_001431,Established (6-12 months),203,24
CUST_001432,Established (6-12 months),203,21
CUST_001433,Established (6-12 months),202,24
CUST_001434,Established (6-12 months),202,24
CUST_001435,Established (6-12 months),202,22
CUST_001436,Established (6-12 months),202,22
CUST_001437,Established (6-12 months),201,22
CUST_001438,Established (6-12 months),201,20
CUST_001439,Established (6-12 months),201,20
CUST_001440,Established (6-12 months),200,20
CUST_001441,Established (6-12 months),200,20
CUST_001442,Established (6-12 months),200,19
CUST_001443,Established (6-12 months),200,19
CUST_001444,Established (6-12 months),198,20
CUST_001445,Established (6-12 months),198,17
CUST_001446,Established (6-12 months),197,15
CUST_001447,Established (6-12 months),197,18
CUST_001448,Declining,197,48
CUST_001449,Established (6-12 months),197,18
CUST_001450,Established (6-12 months),196,18
CUST_001451,Established (6-12 months),196,15
CUST_001452,Established (6-12 months),195,13
CUST_001453,Established (6-12 months),195,17
CUST_001454,Established (6-12 months),195,15
CUST_001455,Established (6-12 months),195,13
CUST_001456,Established (6-12 months),195,13
CUST_001457,Established (6-12 months),195,15
CUST_001458,Established (6-12 months),195,15
CUST_001459,Established (6-12 months),193,11
CUST_001460,Established (6-12 months),193,13
CUST_001461,Established (6-12 months),193,12
CUST_001462,Established (6-12 months),193,15
CUST_001463,Established (6-12 months),193,12
CUST_001464,Established (6-12 months),193,11
CUST_001465,Established (6-12 months),193,15
CUST_001466,Established (6-12 months),192,10
CUST_001467,Established (6-12 months),192,13
CUST_001468,Established (6-12 months),192,13
CUST_001469,Established (6-12 months),191,13
CUST_001470,Established (6-12 months),189,9
CUST_001471,Established (6-12 months),189,7
CUST_001472,Established (6-12 months),189,11
CUST_001473,Established (6-12 months),188,10
CUST_001474,Established (6-12 months),187,9
CUST_001475,Established (6-12 months),187,6
CUST_001476,Established (6-12 months),187,9
CUST_001477,Established (6-12 months),187,8
CUST_001478,Established (6-12 months),185,4
CUST_001479,Established (6-12 months),185,5
CUST_001480,Established (6-12 months),185,3
CUST_001481,Established (6-12 months),184,5
CUST_001482,Established (6-12 months),184,2
CUST_001483,Established (6-12 months),184,4
CUST_001484,Established (6-12 months),183,3
CUST_001485,Established (6-12 months),183,1
CUST_001486,Established (6-12 months),183,5
CUST_001487,Established (6-12 months),183,5
CUST_001488,Established (6-12 months),183,2
CUST_001489,Established (6-12 months),182,1
CUST_001490,Established (6-12 months),182,0
CUST_001491,Established (6-12 months),182,0
CUST_001492,Established (6-12 months),181,31
CUST_001493,Established (6-12 months),181,33
CUST_001494,Established (6-12 months),181,32
CUST_001495,Established (6-12 months),181,33
CUST_001496,Established (6-12 months),181,33
CUST_001497,Established (6-12 months),181,33
CUST_001498,Growing (3-6 months),180,32
CUST_001499,Growing (3-6 months),180,30
CUST_001500,Growing (3-6 months),179,28
CUST_001501,Growing (3-6 months),179,27
CUST_001502,Growing (3-6 months),179,28
CUST_001503,Growing (3-6 months),179,30
CUST_001504,Growing (3-6 months),179,27
CUST_001505,Growing (3-6 months),178,29
CUST_001506,Growing (3-6 months),178,29
CUST_001507,Growing (3-6 months),178,27
CUST_001508,Growing (3-6 months),178,26
CUST_001509,Growing (3-6 months),178,27
CUST_001510,Growing (3-6 months),178,27
CUST_001511,Growing (3-6 months),177,27
CUST_001512,Growing (3-6 months),177,27
CUST_001513,Growing (3-6 months),176,25
CUST_001514,Growing (3-6 months),176,25
CUST_001515,Growing (3-6 months),176,28
CUST_001516,Growing (3-6 months),175,26
CUST_001517,Growing (3-6 months),175,27
CUST_001518,Growing (3-6 months),175,25
CUST_001519,Growing (3-6 months),174,26
CUST_001520,Growing (3-6 months),174,25
CUST_001521,Growing (3-6 months),174,25
CUST_001522,Growing (3-6 months),174,24
CUST_001523,Growing (3-6 months),174,25
CUST_001524,Growing (3-6 months),173,21
CUST_001525,Growing (3-6 months),173,24
CUST_001526,Growing (3-6 months),173,21
CUST_001527,Growing (3-6 months),173,21
CUST_001528,Growing (3-6 months),172,24
CUST_001529,Growing (3-6 months),172,22
CUST_001530,Growing (3-6 months),171,22
CUST_001531,Growing (3-6 months),171,23
CUST_001532,Growing (3-6 months),171,20
CUST_001533,Growing (3-6 months),170,21
CUST_001534,Growing (3-6 months),170,18
CUST_001535,Growing (3-6 months),170,20
CUST_001536,Growing (3-6 months),169,19
CUST_001537,Growing (3-6 months),168,16
CUST_001538,Growing (3-6 months),168,18
CUST_001539,Early Churn Risk,167,79
CUST_001540,Growing (3-6 months),167,45
CUST_001541,Growing (3-6 months),167,16
CUST_001542,Growing (3-6 months),167,16
CUST_001543,Growing (3-6 months),166,17
CUST_001544,Growing (3-6 months),166,15
CUST_001545,Growing (3-6 months),166,17
CUST_001546,Early Churn Risk,165,46
CUST_001547,Growing (3-6 months),165,15
CUST_001548,Growing (3-6 months),165,15
CUST_001549,Growing (3-6 months),165,14
CUST_001550,Growing (3-6 months),165,13
CUST_001551,Growing (3-6 months),165,15
CUST_001552,Growing (3-6 months),165,15
CUST_001553,Growing (3-6 months),164,13
CUST_001554,Growing (3-6 months),164,12
CUST_001555,Growing (3-6 months),164,16
CUST_001556,Growing (3-6 months),163,12
CUST_001557,Growing (3-6 months),162,14
CUST_001558,Growing (3-6 months),162,10
CUST_001559,Growing (3-6 months),162,10
CUST_001560,Growing (3-6 months),161,11
CUST_001561,Growing (3-6 months),161,10
CUST_001562,Growing (3-6 months),161,13
CUST_001563,Growing (3-6 months),160,11
CUST_001564,Growing (3-6 months),160,8
CUST_001565,Growing (3-6 months),159,10
CUST_001566,Growing (3-6 months),159,11
CUST_001567,Growing (3-6 months),159,7
CUST_001568,Growing (3-6 months),159,8
CUST_001569,Growing (3-6 months),159,7
CUST_001570,Growing (3-6 months),159,7
CUST_001571,Growing (3-6 months),158,8
CUST_001572,Growing (3-6 months),157,8
CUST_001573,Growing (3-6 months),157,6
CUST_001574,Growing (3-6 months),157,8
CUST_001575,Growing (3-6 months),157,8
CUST_001576,Growing (3-6 months),157,8
CUST_001577,Growing (3-6 months),157,5
CUST_001578,Growing (3-6 months),156,8
CUST_001579,Growing (3-6 months),156,5
CUST_001580,Growing (3-6 months),156,4
CUST_001581,Growing (3-6 months),156,6
CUST_001582,Growing (3-6 months),155,6
CUST_001583,Growing (3-6 months),155,6
CUST_001584,Growing (3-6 months),154,2
CUST_001585,Growing (3-6 months),154,2
CUST_001586,Growing (3-6 months),154,4
CUST_001587,Early Churn Risk,154,96
CUST_001588,Growing (3-6 months),154,32
CUST_001589,Growing (3-6 months),154,2
CUST_001590,Growing (3-6 months),153,3
CUST_001591,Growing (3-6 months),153,2
CUST_001592,Growing (3-6 months),153,1
CUST_001593,Growing (3-6 months),153,5
CUST_001594,Growing (3-6 months),153,1
CUST_001595,Growing (3-6 months),152,3
CUST_001596,Growing (3-6 months),152,2
CUST_001597,Growing (3-6 months),152,4
CUST_001598,Growing (3-6 months),151,29
CUST_001599,Growing (3-6 months),151,31
CUST_001600,Growing (3-6 months),151,32
CUST_001601,Growing (3-6 months),150,29
CUST_001602,Growing (3-6 months),150,28
CUST_001603,Growing (3-6 months),150,32
CUST_001604,Growing (3-6 months),150,32
CUST_001605,Growing (3-6 months),149,30
CUST_001606,Growing (3-6 months),149,29
CUST_001607,Growing (3-6 months),149,30
CUST_001608,Growing (3-6 months),149,31
CUST_001609,Growing (3-6 months),149,27
CUST_001610,Growing (3-6 months),149,28
CUST_001611,Growing (3-6 months),148,30
CUST_001612,Growing (3-6 months),148,29
CUST_001613,Growing (3-6 months),148,29
CUST_001614,Growing (3-6 months),147,29
CUST_001615,Growing (3-6 months),147,27
CUST_001616,Growing (3-6 months),147,25
CUST_001617,Growing (3-6 months),147,25
CUST_001618,Growing (3-6 months),147,29
CUST_001619,Growing (3-6 months),147,27
CUST_001620,Growing (3-6 months),147,27
CUST_001621,Growing (3-6 months),145,27
CUST_001622,Growing (3-6 months),145,27
CUST_001623,Growing (3-6 months),145,27
CUST_001624,Growing (3-6 months),145,23
CUST_001625,Growing (3-6 months),144,24
CUST_001626,Growing (3-6 months),144,24
CUST_001627,Growing (3-6 months),144,22
CUST_001628,Growing (3-6 months),144,24
CUST_001629,Growing (3-6 months),144,23
CUST_001630,Growing (3-6 months),143,22
CUST_001631,Growing (3-6 months),143,22
CUST_001632,Growing (3-6 months),143,21
CUST_001633,Growing (3-6 months),143,24
CUST_001634,Growing (3-6 months),142,22
CUST_001635,Growing (3-6 months),142,24
CUST_001636,Growing (3-6 months),141,22
CUST_001637,Growing (3-6 months),141,23
CUST_001638,Growing (3-6 months),141,20
CUST_001639,Growing (3-6 months),140,18
CUST_001640,Growing (3-6 months),140,19
CUST_001641,Growing (3-6 months),140,22
CUST_001642,Growing (3-6 months),139,19
CUST_001643,Growing (3-6 months),139,20
CUST_001644,Growing (3-6 months),139,17
CUST_001645,Growing (3-6 months),139,19
CUST_001646,Growing (3-6 months),139,19
CUST_001647,Growing (3-6 months),138,19
CUST_001648,Growing (3-6 months),138,17
CUST_001649,Growing (3-6 months),138,20
CUST_001650,Growing (3-6 months),138,19
CUST_001651,Growing (3-6 months),138,20
CUST_001652,Growing (3-6 months),137,16
CUST_001653,Growing (3-6 months),137,18
CUST_001654,Growing (3-6 months),136,14
CUST_001655,Growing (3-6 months),136,15
CUST_001656,Growing (3-6 months),136,16
CUST_001657,Growing (3-6 months),136,14
CUST_001658,Growing (3-6 months),136,14
CUST_001659,Growing (3-6 months),135,14
CUST_001660,Growing (3-6 months),135,15
CUST_001661,Growing (3-6 months),135,13
CUST_001662,Growing (3-6 months),135,14
CUST_001663,Growing (3-6 months),134,14
CUST_001664,Growing (3-6 months),134,14
CUST_001665,Growing (3-6 months),134,12
CUST_001666,Growing (3-6 months),134,12
CUST_001667,Growing (3-6 months),133,13
CUST_001668,Growing (3-6 months),133,13
CUST_001669,Early Churn Risk,133,72
CUST_001670,Growing (3-6 months),133,11
CUST_001671,Growing (3-6 months),132,14
CUST_001672,Growing (3-6 months),132,14
CUST_001673,Growing (3-6 months),132,11
CUST_001674,Growing (3-6 months),131,9
CUST_001675,Growing (3-6 months),131,13
CUST_001676,Growing (3-6 months),131,11
CUST_001677,Growing (3-6 months),131,13
CUST_001678,Growing (3-6 months),131,12
CUST_001679,Early Churn Risk,131,71
CUST_001680,Growing (3-6 months),131,12
CUST_001681,Growing (3-6 months),131,9
CUST_001682,Growing (3-6 months),131,11
CUST_001683,Growing (3-6 months),130,8
CUST_001684,Growing (3-6 months),130,11
CUST_001685,Growing (3-6 months),130,11
CUST_001686,Growing (3-6 months),130,11
CUST_001687,Growing (3-6 months),130,12
CUST_001688,Growing (3-6 months),129,10
CUST_001689,Growing (3-6 months),129,8
CUST_001690,Growing (3-6 months),129,7
CUST_001691,Growing (3-6 months),129,9
CUST_001692,Growing (3-6 months),129,8
CUST_001693,Growing (3-6 months),129,9
CUST_001694,Growing (3-6 months),129,10
CUST_001695,Growing (3-6 months),128,9
CUST_001696,Growing (3-6 months),128,8
CUST_001697,Growing (3-6 months),128,6
CUST_001698,Growing (3-6 months),127,7
CUST_001699,Growing (3-6 months),127,9
CUST_001700,Growing (3-6 months),126,7
CUST_001701,Growing (3-6 months),126,6
CUST_001702,Growing (3-6 months),126,8
CUST_001703,Growing (3-6 months),126,5
CUST_001704,Growing (3-6 months),126,5
CUST_001705,Growing (3-6 months),125,3
CUST_001706,Growing (3-6 months),125,6
CUST_001707,Growing (3-6 months),125,6
CUST_001708,Growing (3-6 months),125,5
CUST_001709,Growing (3-6 months),125,4
CUST_001710,Growing (3-6 months),125,7
CUST_001711,Growing (3-6 months),125,7
CUST_001712,Growing (3-6 months),124,4
CUST_001713,Growing (3-6 months),124,5
CUST_001714,Growing (3-6 months),124,2
CUST_001715,Growing (3-6 months),124,4
CUST_001716,Growing (3-6 months),124,6
CUST_001717,Growing (3-6 months),124,5
CUST_001718,Growing (3-6 months),123,5
CUST_001719,Growing (3-6 months),123,2
CUST_001720,Growing (3-6 months),123,2
CUST_001721,Growing (3-6 months),123,2
CUST_001722,Growing (3-6 months),122,3
CUST_001723,Growing (3-6 months),122,0
CUST_001724,Growing (3-6 months),121,30
CUST_001725,Growing (3-6 months),121,29
CUST_001726,Early Churn Risk,121,60
CUST_001727,Growing (3-6 months),120,29
CUST_001728,Growing (3-6 months),120,28
CUST_001729,Growing (3-6 months),120,31
CUST_001730,Growing (3-6 months),120,31
CUST_001731,Growing (3-6 months),119,31
CUST_001732,Growing (3-6 months),119,28
CUST_001733,Growing (3-6 months),119,29
CUST_001734,Growing (3-6 months),119,27
CUST_001735,Growing (3-6 months),118,27
CUST_001736,Growing (3-6 months),118,30
CUST_001737,Growing (3-6 months),118,28
CUST_001738,Growing (3-6 months),118,29
CUST_001739,Growing (3-6 months),118,28
CUST_001740,Growing (3-6 months),118,27
CUST_001741,Growing (3-6 months),117,27
CUST_001742,Growing (3-6 months),117,28
CUST_001743,Growing (3-6 months),116,24
CUST_001744,Growing (3-6 months),116,26
CUST_001745,Growing (3-6 months),116,27
CUST_001746,Growing (3-6 months),116,24
CUST_001747,Growing (3-6 months),115,23
CUST_001748,Growing (3-6 months),115,24
CUST_001749,Growing (3-6 months),115,23
CUST_001750,Growing (3-6 months),115,24
CUST_001751,Growing (3-6 months),114,22
CUST_001752,Growing (3-6 months),114,24
CUST_001753,Growing (3-6 months),113,23
CUST_001754,Growing (3-6 months),113,23
CUST_001755,Growing (3-6 months),113,25
CUST_001756,Growing (3-6 months),113,22
CUST_001757,Growing (3-6 months),113,22
CUST_001758,Growing (3-6 months),112,22
CUST_001759,Growing (3-6 months),112,21
CUST_001760,Growing (3-6 months),112,23
CUST_001761,Growing (3-6 months),112,24
CUST_001762,Growing (3-6 months),112,23
CUST_001763,Growing (3-6 months),111,21
CUST_001764,Growing (3-6 months),111,19
CUST_001765,Growing (3-6 months),111,19
CUST_001766,Growing (3-6 months),111,21
CUST_001767,Growing (3-6 months),110,21
CUST_001768,Growing (3-6 months),109,17
CUST_001769,Growing (3-6 months),109,20
CUST_001770,Growing (3-6 months),109,20
CUST_001771,Growing (3-6 months),108,18
CUST_001772,Growing (3-6 months),108,20
CUST_001773,Growing (3-6 months),108,19
CUST_001774,Growing (3-6 months),108,17
CUST_001775,Growing (3-6 months),107,15
CUST_001776,Growing (3-6 months),107,17
CUST_001777,Growing (3-6 months),107,19
CUST_001778,Growing (3-6 months),107,18
CUST_001779,Growing (3-6 months),106,18
CUST_001780,Growing (3-6 months),106,18
CUST_001781,Growing (3-6 months),105,16
CUST_001782,Growing (3-6 months),105,13
CUST_001783,Growing (3-6 months),105,17
CUST_001784,Growing (3-6 months),105,14
CUST_001785,Growing (3-6 months),104,15
CUST_001786,Growing (3-6 months),104,13
CUST_001787,Growing (3-6 months),104,15
CUST_001788,Growing (3-6 months),104,14
CUST_001789,Growing (3-6 months),104,16
CUST_001790,Growing (3-6 months),104,12
CUST_001791,Growing (3-6 months),104,12
CUST_001792,Growing (3-6 months),104,12
CUST_001793,Growing (3-6 months),103,15
CUST_001794,Growing (3-6 months),103,13
CUST_001795,Growing (3-6 months),103,13
CUST_001796,Growing (3-6 months),103,13
CUST_001797,Growing (3-6 months),103,41
CUST_001798,Growing (3-6 months),103,15
CUST_001799,Growing (3-6 months),103,11
CUST_001800,Growing (3-6 months),103,11
CUST_001801,Growing (3-6 months),102,14
CUST_001802,Growing (3-6 months),102,14
CUST_001803,Growing (3-6 months),102,13
CUST_001804,Growing (3-6 months),102,12
CUST_001805,Growing (3-6 months),102,13
CUST_001806,Growing (3-6 months),101,11
CUST_001807,Growing (3-6 months),101,10
CUST_001808,Growing (3-6 months),101,10
CUST_001809,Growing (3-6 months),101,11
CUST_001810,Growing (3-6 months),101,10
CUST_001811,Growing (3-6 months),101,13
CUST_001812,Growing (3-6 months),101,10
CUST_001813,Growing (3-6 months),101,11
CUST_001814,Growing (3-6 months),100,12
CUST_001815,Growing (3-6 months),100,9
CUST_001816,Growing (3-6 months),100,8
CUST_001817,Growing (3-6 months),100,11
CUST_001818,Growing (3-6 months),100,10
CUST_001819,Growing (3-6 months),100,9
CUST_001820,Growing (3-6 months),99,9
CUST_001821,Growing (3-6 months),99,8
CUST_001822,Growing (3-6 months),98,7
CUST_001823,Growing (3-6 months),98,10
CUST_001824,Growing (3-6 months),98,10
CUST_001825,Growing (3-6 months),97,8
CUST_001826,Growing (3-6 months),97,5
CUST_001827,Growing (3-6 months),97,7
CUST_001828,Growing (3-6 months),97,6
CUST_001829,Growing (3-6 months),97,8
CUST_001830,Growing (3-6 months),96,6
CUST_001831,Growing (3-6 months),96,5
CUST_001832,Growing (3-6 months),95,6
CUST_001833,Growing (3-6 months),95,7
CUST_001834,Growing (3-6 months),95,4
CUST_001835,Growing (3-6 months),95,5
CUST_001836,Growing (3-6 months),95,4
CUST_001837,Growing (3-6 months),95,3
CUST_001838,Growing (3-6 months),95,7
CUST_001839,Growing (3-6 months),95,5
CUST_001840,Growing (3-6 months),95,5
CUST_001841,Growing (3-6 months),94,6
CUST_001842,Growing (3-6 months),94,3
CUST_001843,Growing (3-6 months),94,6
CUST_001844,Growing (3-6 months),94,2
CUST_001845,Growing (3-6 months),94,6
CUST_001846,Growing (3-6 months),94,5
CUST_001847,Growing (3-6 months),94,35
CUST_001848,Growing (3-6 months),94,5
CUST_001849,Growing (3-6 months),94,6
CUST_001850,Growing (3-6 months),93,3
CUST_001851,Growing (3-6 months),93,5
CUST_001852,Growing (3-6 months),93,4
CUST_001853,Growing (3-6 months),93,1
CUST_001854,Growing (3-6 months),93,3
CUST_001855,Growing (3-6 months),93,3
CUST_001856,Growing (3-6 months),92,1
CUST_001857,Growing (3-6 months),92,1
CUST_001858,Growing (3-6 months),92,3
CUST_001859,Growing (3-6 months),91,29
CUST_001860,Growing (3-6 months),91,31
CUST_001861,Growing (3-6 months),91,31
CUST_001862,Growing (3-6 months),91,29
CUST_001863,Growing (3-6 months),91,33
CUST_001864,Growing (3-6 months),91,33
CUST_001865,Growing (3-6 months),91,30
CUST_001866,Growing (3-6 months),91,33
CUST_001867,New (0-3 months),90,30
CUST_001868,New (0-3 months),90,28
CUST_001869,New (0-3 months),90,28
CUST_001870,New (0-3 months),90,32
CUST_001871,New (0-3 months),90,32
CUST_001872,New (0-3 months),90,28
CUST_001873,New (0-3 months),90,29
CUST_001874,New (0-3 months),89,28
CUST_001875,New (0-3 months),89,27
CUST_001876,New (0-3 months),89,27
CUST_001877,New (0-3 months),89,27
CUST_001878,New (0-3 months),89,30
CUST_001879,New (0-3 months),89,27
CUST_001880,New (0-3 months),88,29
CUST_001881,New (0-3 months),88,29
CUST_001882,New (0-3 months),88,28
CUST_001883,New (0-3 months),88,30
CUST_001884,New (0-3 months),88,28
CUST_001885,New (0-3 months),88,30
CUST_001886,New (0-3 months),87,28
CUST_001887,New (0-3 months),87,28
CUST_001888,New (0-3 months),87,27
CUST_001889,New (0-3 months),87,27
CUST_001890,New (0-3 months),86,25
CUST_001891,New (0-3 months),86,24
CUST_001892,New (0-3 months),86,27
CUST_001893,New (0-3 months),86,24
CUST_001894,New (0-3 months),86,28
CUST_001895,New (0-3 months),85,23
CUST_001896,New (0-3 months),85,27
CUST_001897,New (0-3 months),85,24
CUST_001898,New (0-3 months),85,26
CUST_001899,New (0-3 months),85,27
CUST_001900,New (0-3 months),85,27
CUST_001901,New (0-3 months),85,24
CUST_001902,New (0-3 months),85,25
CUST_001903,New (0-3 months),85,24
CUST_001904,New (0-3 months),84,23
CUST_001905,New (0-3 months),84,25
CUST_001906,New (0-3 months),84,23
CUST_001907,New (0-3 months),84,23
CUST_001908,New (0-3 months),83,22
CUST_001909,New (0-3 months),83,21
CUST_001910,New (0-3 months),83,23
CUST_001911,New (0-3 months),83,23
CUST_001912,New (0-3 months),83,23
CUST_001913,New (0-3 months),82,23
CUST_001914,New (0-3 months),82,23
CUST_001915,New (0-3 months),82,21
CUST_001916,New (0-3 months),82,23
CUST_001917,New (0-3 months),82,21
CUST_001918,New (0-3 months),82,23
CUST_001919,New (0-3 months),82,22
CUST_001920,New (0-3 months),82,23
CUST_001921,New (0-3 months),82,22
CUST_001922,New (0-3 months),81,19
CUST_001923,New (0-3 months),81,21
CUST_001924,New (0-3 months),81,23
CUST_001925,New (0-3 months),80,21
CUST_001926,New (0-3 months),80,21
CUST_001927,New (0-3 months),80,20
CUST_001928,New (0-3 months),80,20
CUST_001929,New (0-3 months),79,17
CUST_001930,New (0-3 months),79,21
CUST_001931,New (0-3 months),79,21
CUST_001932,New (0-3 months),79,19
CUST_001933,New (0-3 months),78,16
CUST_001934,New (0-3 months),78,18
CUST_001935,New (0-3 months),78,19
CUST_001936,New (0-3 months),78,20
CUST_001937,New (0-3 months),78,17
CUST_001938,New (0-3 months),78,18
CUST_001939,New (0-3 months),78,20
CUST_001940,New (0-3 months),77,17
CUST_001941,New (0-3 months),77,16
CUST_001942,New (0-3 months),77,19
CUST_001943,New (0-3 months),77,15
CUST_001944,New (0-3 months),76,16
CUST_001945,New (0-3 months),76,18
CUST_001946,New (0-3 months),76,18
CUST_001947,New (0-3 months),76,17
CUST_001948,New (0-3 months),75,14
CUST_001949,New (0-3 months),75,15
CUST_001950,New (0-3 months),75,15
CUST_001951,New (0-3 months),74,12
CUST_001952,New (0-3 months),74,12
CUST_001953,New (0-3 months),74,13
CUST_001954,New (0-3 months),74,12
CUST_001955,New (0-3 months),74,13
CUST_001956,New (0-3 months),74,16
CUST_001957,New (0-3 months),73,12
CUST_001958,New (0-3 months),73,11
CUST_001959,New (0-3 months),73,12
CUST_001960,New (0-3 months),73,11
CUST_001961,New (0-3 months),72,14
CUST_001962,New (0-3 months),72,11
CUST_001963,New (0-3 months),72,14
CUST_001964,New (0-3 months),72,14
CUST_001965,New (0-3 months),71,12
CUST_001966,New (0-3 months),71,10
CUST_001967,New (0-3 months),71,9
CUST_001968,New (0-3 months),71,10
CUST_001969,New (0-3 months),70,11
CUST_001970,New (0-3 months),70,11
CUST_001971,New (0-3 months),70,12
CUST_001972,New (0-3 months),70,11
CUST_001973,New (0-3 months),70,8
CUST_001974,New (0-3 months),70,10
CUST_001975,New (0-3 months),70,8
CUST_001976,New (0-3 months),70,12
CUST_001977,New (0-3 months),70,9
CUST_001978,New (0-3 months),69,9
CUST_001979,New (0-3 months),69,11
CUST_001980,New (0-3 months),69,11
CUST_001981,New (0-3 months),69,10
CUST_001982,New (0-3 months),69,9
CUST_001983,New (0-3 months),68,6
CUST_001984,New (0-3 months),68,10
CUST_001985,New (0-3 months),68,8
CUST_001986,New (0-3 months),68,7
CUST_001987,New (0-3 months),68,10
CUST_001988,New (0-3 months),68,8
CUST_001989,New (0-3 months),68,7
CUST_001990,New (0-3 months),68,10
CUST_001991,New (0-3 months),68,6
CUST_001992,New (0-3 months),68,10
CUST_001993,New (0-3 months),67,5
CUST_001994,New (0-3 months),67,6
CUST_001995,New (0-3 months),66,8
CUST_001996,New (0-3 months),66,5
CUST_001997,New (0-3 months),66,5
CUST_001998,New (0-3 months),65,6
CUST_001999,New (0-3 months),65,7
CUST_002000,New (0-3 months),65,5
CUST_002001,New (0-3 months),65,4
CUST_002002,New (0-3 months),65,4
CUST_002003,New (0-3 months),65,4
CUST_002004,New (0-3 months),64,5
CUST_002005,New (0-3 months),64,2
CUST_002006,New (0-3 months),64,6
CUST_002007,New (0-3 months),64,4
CUST_002008,New (0-3 months),64,6
CUST_002009,New (0-3 months),64,2
CUST_002010,New (0-3 months),64,3
CUST_002011,New (0-3 months),64,3
CUST_002012,New (0-3 months),64,2
CUST_002013,New (0-3 months),64,3
CUST_002014,New (0-3 months),64,5
CUST_002015,New (0-3 months),63,3
CUST_002016,New (0-3 months),63,3
CUST_002017,New (0-3 months),63,2
CUST_002018,New (0-3 months),63,4
CUST_002019,New (0-3 months),62,3
CUST_002020,New (0-3 months),62,2
CUST_002021,New (0-3 months),62,3
CUST_002022,New (0-3 months),62,1
CUST_002023,New (0-3 months),62,3
CUST_002024,New (0-3 months),62,3
CUST_002025,New (0-3 months),61,33
CUST_002026,New (0-3 months),61,32
CUST_002027,New (0-3 months),61,30
CUST_002028,New (0-3 months),61,31
CUST_002029,New (0-3 months),61,29
CUST_002030,New (0-3 months),61,29
CUST_002031,New (0-3 months),61,31
CUST_002032,New (0-3 months),61,29
CUST_002033,New (0-3 months),60,31
CUST_002034,New (0-3 months),60,32
CUST_002035,New (0-3 months),60,30
CUST_002036,New (0-3 months),60,30
CUST_002037,New (0-3 months),60,28
CUST_002038,New (0-3 months),60,32
CUST_002039,New (0-3 months),60,29
CUST_002040,New (0-3 months),60,28
CUST_002041,New (0-3 months),59,27
CUST_002042,New (0-3 months),59,31
CUST_002043,New (0-3 months),59,30
CUST_002044,New (0-3 months),59,31
CUST_002045,New (0-3 months),59,31
CUST_002046,New (0-3 months),59,28
CUST_002047,New (0-3 months),58,28
CUST_002048,New (0-3 months),58,27
CUST_002049,New (0-3 months),58,30
CUST_002050,New (0-3 months),58,27
CUST_002051,New (0-3 months),58,28
CUST_002052,New (0-3 months),58,29
CUST_002053,New (0-3 months),58,27
CUST_002054,New (0-3 months),58,29
CUST_002055,New (0-3 months),58,27
CUST_002056,New (0-3 months),57,26
CUST_002057,New (0-3 months),57,27
CUST_002058,New (0-3 months),57,28
CUST_002059,New (0-3 months),57,26
CUST_002060,New (0-3 months),57,28
CUST_002061,New (0-3 months),57,26
CUST_002062,New (0-3 months),57,28
CUST_002063,New (0-3 months),57,27
CUST_002064,New (0-3 months),57,29
CUST_002065,New (0-3 months),57,27
CUST_002066,New (0-3 months),57,26
CUST_002067,New (0-3 months),56,26
CUST_002068,New (0-3 months),56,27
CUST_002069,New (0-3 months),56,28
CUST_002070,New (0-3 months),56,27
CUST_002071,New (0-3 months),56,25
CUST_002072,New (0-3 months),55,24
CUST_002073,New (0-3 months),55,23
CUST_002074,New (0-3 months),55,26
CUST_002075,New (0-3 months),55,27
CUST_002076,New (0-3 months),55,23
CUST_002077,New (0-3 months),55,26
CUST_002078,New (0-3 months),55,24
CUST_002079,New (0-3 months),55,26
CUST_002080,New (0-3 months),54,22
CUST_002081,New (0-3 months),54,23
CUST_002082,New (0-3 months),54,24
CUST_002083,New (0-3 months),54,26
CUST_002084,New (0-3 months),54,22
CUST_002085,New (0-3 months),54,23
CUST_002086,New (0-3 months),54,26
CUST_002087,New (0-3 months),53,24
CUST_002088,New (0-3 months),53,21
CUST_002089,New (0-3 months),53,24
CUST_002090,New (0-3 months),53,23
CUST_002091,New (0-3 months),53,21
CUST_002092,New (0-3 months),53,25
CUST_002093,New (0-3 months),53,22
CUST_002094,New (0-3 months),53,22
CUST_002095,New (0-3 months),53,25
CUST_002096,New (0-3 months),53,25
CUST_002097,New (0-3 months),53,25
CUST_002098,New (0-3 months),52,21
CUST_002099,New (0-3 months),52,24
CUST_002100,New (0-3 months),52,21
CUST_002101,New (0-3 months),52,23
CUST_002102,New (0-3 months),52,21
CUST_002103,New (0-3 months),52,23
CUST_002104,New (0-3 months),51,22
CUST_002105,New (0-3 months),51,20
CUST_002106,New (0-3 months),51,20
CUST_002107,New (0-3 months),51,23
CUST_002108,New (0-3 months),51,23
CUST_002109,New (0-3 months),50,18
CUST_002110,New (0-3 months),50,21
CUST_002111,New (0-3 months),50,22
CUST_002112,New (0-3 months),50,19
CUST_002113,New (0-3 months),50,20
CUST_002114,New (0-3 months),50,22
CUST_002115,New (0-3 months),50,18
CUST_002116,New (0-3 months),49,18
CUST_002117,New (0-3 months),49,21
CUST_002118,New (0-3 months),49,21
CUST_002119,New (0-3 months),49,21
CUST_002120,New (0-3 months),49,17
CUST_002121,New (0-3 months),49,21
CUST_002122,New (0-3 months),49,21
CUST_002123,New (0-3 months),49,20
CUST_002124,New (0-3 months),49,19
CUST_002125,New (0-3 months),49,20
CUST_002126,New (0-3 months),49,19
CUST_002127,New (0-3 months),48,16
CUST_002128,New (0-3 months),48,20
CUST_002129,New (0-3 months),48,20
CUST_002130,New (0-3 months),48,20
CUST_002131,New (0-3 months),48,16
CUST_002132,New (0-3 months),48,18
CUST_002133,New (0-3 months),48,17
CUST_002134,New (0-3 months),47,16
CUST_002135,New (0-3 months),47,16
CUST_002136,New (0-3 months),47,16
CUST_002137,New (0-3 months),46,15
CUST_002138,New (0-3 months),46,14
CUST_002139,New (0-3 months),46,16
CUST_002140,New (0-3 months),46,14
CUST_002141,New (0-3 months),46,16
CUST_002142,New (0-3 months),46,14
CUST_002143,New (0-3 months),46,18
CUST_002144,New (0-3 months),46,18
CUST_002145,New (0-3 months),45,14
CUST_002146,New (0-3 months),45,14
CUST_002147,New (0-3 months),45,14
CUST_002148,New (0-3 months),45,13
CUST_002149,New (0-3 months),45,17
CUST_002150,New (0-3 months),45,13
CUST_002151,New (0-3 months),45,17
CUST_002152,New (0-3 months),45,17
CUST_002153,New (0-3 months),45,15
CUST_002154,New (0-3 months),45,15
CUST_002155,New (0-3 months),45,16
CUST_002156,New (0-3 months),44,15
CUST_002157,New (0-3 months),44,15
CUST_002158,New (0-3 months),44,13
CUST_002159,New (0-3 months),44,15
CUST_002160,New (0-3 months),43,15
CUST_002161,New (0-3 months),43,15
CUST_002162,New (0-3 months),43,13
CUST_002163,New (0-3 months),43,13
CUST_002164,New (0-3 months),43,13
CUST_002165,New (0-3 months),42,10
CUST_002166,New (0-3 months),42,10
CUST_002167,New (0-3 months),42,14
CUST_002168,New (0-3 months),42,13
CUST_002169,New (0-3 months),42,14
CUST_002170,New (0-3 months),42,10
CUST_002171,New (0-3 months),41,12
CUST_002172,New (0-3 months),41,11
CUST_002173,New (0-3 months),41,12
CUST_002174,New (0-3 months),41,11
CUST_002175,New (0-3 months),41,11
CUST_002176,New (0-3 months),41,11
CUST_002177,New (0-3 months),41,11
CUST_002178,New (0-3 months),41,10
CUST_002179,New (0-3 months),40,9
CUST_002180,New (0-3 months),40,8
CUST_002181,New (0-3 months),40,8
CUST_002182,New (0-3 months),40,11
CUST_002183,New (0-3 months),40,10
CUST_002184,New (0-3 months),40,11
CUST_002185,New (0-3 months),39,10
CUST_002186,New (0-3 months),39,9
CUST_002187,New (0-3 months),39,9
CUST_002188,New (0-3 months),39,7
CUST_002189,New (0-3 months),39,10
CUST_002190,New (0-3 months),39,10
CUST_002191,New (0-3 months),39,8
CUST_002192,New (0-3 months),39,11
CUST_002193,New (0-3 months),39,10
CUST_002194,New (0-3 months),39,11
CUST_002195,New (0-3 months),38,9
CUST_002196,New (0-3 months),38,7
CUST_002197,New (0-3 months),38,7
CUST_002198,New (0-3 months),38,7
CUST_002199,New (0-3 months),38,10
CUST_002200,New (0-3 months),38,7
CUST_002201,New (0-3 months),38,9
CUST_002202,New (0-3 months),38,6
CUST_002203,New (0-3 months),38,6
CUST_002204,New (0-3 months),38,8
CUST_002205,New (0-3 months),38,8
CUST_002206,New (0-3 months),37,5
CUST_002207,New (0-3 months),37,5
CUST_002208,New (0-3 months),37,7
CUST_002209,New (0-3 months),37,5
CUST_002210,New (0-3 months),37,5
CUST_002211,New (0-3 months),37,5
CUST_002212,New (0-3 months),37,7
CUST_002213,New (0-3 months),36,8
CUST_002214,New (0-3 months),36,6
CUST_002215,New (0-3 months),36,5
CUST_002216,New (0-3 months),36,5
CUST_002217,New (0-3 months),36,4
CUST_002218,New (0-3 months),35,6
CUST_002219,New (0-3 months),35,7
CUST_002220,New (0-3 months),35,7
CUST_002221,New (0-3 months),35,5
CUST_002222,New (0-3 months),35,5
CUST_002223,New (0-3 months),35,5
CUST_002224,New (0-3 months),35,6
CUST_002225,New (0-3 months),35,7
CUST_002226,New (0-3 months),35,7
CUST_002227,New (0-3 months),35,3
CUST_002228,New (0-3 months),34,2
CUST_002229,New (0-3 months),34,4
CUST_002230,New (0-3 months),34,6
CUST_002231,New (0-3 months),34,5
CUST_002232,New (0-3 months),34,6
CUST_002233,New (0-3 months),34,3
CUST_002234,New (0-3 months),34,2
CUST_002235,New (0-3 months),33,4
CUST_002236,New (0-3 months),33,5
CUST_002237,New (0-3 months),33,5
CUST_002238,New (0-3 months),33,3
CUST_002239,New (0-3 months),33,3
CUST_002240,New (0-3 months),32,1
CUST_002241,New (0-3 months),32,4
CUST_002242,New (0-3 months),32,3
CUST_002243,New (0-3 months),32,2
CUST_002244,New (0-3 months),32,1
CUST_002245,New (0-3 months),32,3
CUST_002246,New (0-3 months),32,0
CUST_002247,New (0-3 months),32,2
CUST_002248,New (0-3 months),32,3
CUST_002249,New (0-3 months),31,31
CUST_002250,New (0-3 months),31,29
CUST_002251,New (0-3 months),31,30
CUST_002252,New (0-3 months),31,31
CUST_002253,New (0-3 months),31,33
CUST_002254,New (0-3 months),31,29
CUST_002255,New (0-3 months),31,30
CUST_002256,New (0-3 months),31,29
CUST_002257,New (0-3 months),31,29
CUST_002258,New (0-3 months),30,30
CUST_002259,New (0-3 months),30,31
CUST_002260,New (0-3 months),30,32
CUST_002261,New (0-3 months),30,28
CUST_002262,New (0-3 months),30,30
CUST_002263,New (0-3 months),30,32
CUST_002264,New (0-3 months),30,28
CUST_002265,New (0-3 months),30,28
CUST_002266,New (0-3 months),30,32
CUST_002267,New (0-3 months),29,27
CUST_002268,New (0-3 months),29,31
CUST_002269,New (0-3 months),29,27
CUST_002270,New (0-3 months),29,28
CUST_002271,New (0-3 months),29,31
CUST_002272,New (0-3 months),29,28
CUST_002273,New (0-3 months),29,30
CUST_002274,New (0-3 months),29,28
CUST_002275,New (0-3 months),29,27
CUST_002276,New (0-3 months),29,29
CUST_002277,New (0-3 months),28,29
CUST_002278,New (0-3 months),28,28
CUST_002279,New (0-3 months),28,27
CUST_002280,New (0-3 months),28,28
CUST_002281,New (0-3 months),28,26
CUST_002282,New (0-3 months),27,27
CUST_002283,New (0-3 months),27,26
CUST_002284,New (0-3 months),27,26
CUST_002285,New (0-3 months),27,27
CUST_002286,New (0-3 months),27,29
CUST_002287,New (0-3 months),27,27
CUST_002288,New (0-3 months),27,29
CUST_002289,New (0-3 months),27,28
CUST_002290,New (0-3 months),27,29
CUST_002291,New (0-3 months),27,25
CUST_002292,New (0-3 months),27,28
CUST_002293,New (0-3 months),26,26
CUST_002294,New (0-3 months),26,28
CUST_002295,New (0-3 months),26,24
CUST_002296,New (0-3 months),26,27
CUST_002297,New (0-3 months),26,24
CUST_002298,New (0-3 months),26,26
CUST_002299,New (0-3 months),25,26
CUST_002300,New (0-3 months),25,24
CUST_002301,New (0-3 months),24,25
CUST_002302,New (0-3 months),24,25
CUST_002303,New (0-3 months),24,25
CUST_002304,New (0-3 months),24,25
CUST_002305,New (0-3 months),24,24
CUST_002306,New (0-3 months),24,22
CUST_002307,New (0-3 months),24,26
CUST_002308,New (0-3 months),24,26
CUST_002309,New (0-3 months),24,24
CUST_002310,New (0-3 months),23,24
CUST_002311,New (0-3 months),23,25
CUST_002312,New (0-3 months),22,24
CUST_002313,New (0-3 months),22,21
CUST_002314,New (0-3 months),22,21
CUST_002315,New (0-3 months),22,22
CUST_002316,New (0-3 months),22,23
CUST_002317,New (0-3 months),22,23
CUST_002318,New (0-3 months),22,21
CUST_002319,New (0-3 months),21,22
CUST_002320,New (0-3 months),21,20
CUST_002321,New (0-3 months),21,19
CUST_002322,New (0-3 months),21,20
CUST_002323,New (0-3 months),21,22
CUST_002324,New (0-3 months),21,19
CUST_002325,New (0-3 months),21,21
CUST_002326,New (0-3 months),21,22
CUST_002327,New (0-3 months),21,20
CUST_002328,New (0-3 months),20,19
CUST_002329,New (0-3 months),20,22
CUST_002330,New (0-3 months),20,18
CUST_002331,New (0-3 months),20,22
CUST_002332,New (0-3 months),20,20
CUST_002333,New (0-3 months),20,20
CUST_002334,New (0-3 months),20,19
CUST_002335,New (0-3 months),20,22
CUST_002336,New (0-3 months),19,21
CUST_002337,New (0-3 months),19,17
CUST_002338,New (0-3 months),19,19
CUST_002339,New (0-3 months),19,20
CUST_002340,New (0-3 months),19,18
CUST_002341,New (0-3 months),18,19
CUST_002342,New (0-3 months),18,17
CUST_002343,New (0-3 months),18,19
CUST_002344,New (0-3 months),18,17
CUST_002345,New (0-3 months),17,19
CUST_002346,New (0-3 months),17,18
CUST_002347,New (0-3 months),17,18
CUST_002348,New (0-3 months),17,19
CUST_002349,New (0-3 months),17,18
CUST_002350,New (0-3 months),17,15
CUST_002351,New (0-3 months),16,14
CUST_002352,New (0-3 months),16,18
CUST_002353,New (0-3 months),16,16
CUST_002354,New (0-3 months),16,17
CUST_002355,New (0-3 months),16,18
CUST_002356,New (0-3 months),16,15
CUST_002357,New (0-3 months),16,14
CUST_002358,New (0-3 months),16,18
CUST_002359,New (0-3 months),16,18
CUST_002360,New (0-3 months),15,13
CUST_002361,New (0-3 months),15,13
CUST_002362,New (0-3 months),15,15
CUST_002363,New (0-3 months),15,15
CUST_002364,New (0-3 months),14,14
CUST_002365,New (0-3 months),14,13
CUST_002366,New (0-3 months),14,16
CUST_002367,New (0-3 months),14,16
CUST_002368,New (0-3 months),13,12
CUST_002369,New (0-3 months),13,15
CUST_002370,New (0-3 months),13,15
CUST_002371,New (0-3 months),13,14
CUST_002372,New (0-3 months),13,13
CUST_002373,New (0-3 months),13,12
CUST_002374,New (0-3 months),13,14
CUST_002375,New (0-3 months),13,15
CUST_002376,New (0-3 months),12,14
CUST_002377,New (0-3 months),12,10
CUST_002378,New (0-3 months),12,13
CUST_002379,New (0-3 months),12,14
CUST_002380,New (0-3 months),12,12
CUST_002381,New (0-3 months),12,13
CUST_002382,New (0-3 months),12,10
CUST_002383,New (0-3 months),12,12
CUST_002384,New (0-3 months),12,12
CUST_002385,New (0-3 months),12,11
CUST_002386,New (0-3 months),11,9
CUST_002387,New (0-3 months),11,9
CUST_002388,New (0-3 months),11,11
CUST_002389,New (0-3 months),11,9
CUST_002390,New (0-3 months),11,11
CUST_002391,New (0-3 months),10,10
CUST_002392,New (0-3 months),10,11
CUST_002393,New (0-3 months),10,8
CUST_002394,New (0-3 months),10,8
CUST_002395,New (0-3 months),10,12
CUST_002396,New (0-3 months),9,8
CUST_002397,New (0-3 months),9,10
CUST_002398,New (0-3 months),9,9
CUST_002399,New (0-3 months),8,9
CUST_002400,New (0-3 months),8,9
CUST_002401,New (0-3 months),8,7
CUST_002402,New (0-3 months),8,6
CUST_002403,New (0-3 months),8,9
CUST_002404,New (0-3 months),7,9
CUST_002405,New (0-3 months),7,6
CUST_002406,New (0-3 months),7,5
CUST_002407,New (0-3 months),7,5
CUST_002408,New (0-3 months),6,8
CUST_002409,New (0-3 months),6,8
CUST_002410,New (0-3 months),6,8
CUST_002411,New (0-3 months),6,7
CUST_002412,New (0-3 months),6,7
CUST_002413,New (0-3 months),6,4
CUST_002414,New (0-3 months),6,8
CUST_002415,New (0-3 months),6,4
CUST_002416,New (0-3 months),5,3
CUST_002417,New (0-3 months),5,5
CUST_002418,New (0-3 months),5,3
CUST_002419,New (0-3 months),4,5
CUST_002420,New (0-3 months),4,2
CUST_002421,New (0-3 months),4,2
CUST_002422,New (0-3 months),3,2
CUST_002423,New (0-3 months),3,3
CUST_002424,New (0-3 months),3,5
CUST_002425,New (0-3 months),2,4
CUST_002426,New (0-3 months),2,1
CUST_002427,New (0-3 months),2,3
CUST_002428,New (0-3 months),2,2
CUST_002429,New (0-3 months),2,4
CUST_002430,New (0-3 months),2,1
CUST_002431,New (0-3 months),2,4
CUST_002432,New (0-3 months),2,4
CUST_002433,New (0-3 months),2,3
CUST_002434,New (0-3 months),2,0
CUST_002435,New (0-3 months),2,1
CUST_002436,New (0-3 months),2,2
CUST_002437,New (0-3 months),2,4
CUST_002438,New (0-3 months),2,0
CUST_002439,New (0-3 months),2,3
CUST_002440,New (0-3 months),2,3
CUST_002441,New (0-3 months),2,0
CUST_002442,New (0-3 months),2,3
CUST_002443,New (0-3 months),2,1
CUST_002444,New (0-3 months),2,1
CUST_002445,New (0-3 months),2,1
CUST_002446,New (0-3 months),2,1
CUST_002447,New (0-3 months),2,4
CUST_002448,New (0-3 months),2,3
CUST_002449,New (0-3 months),2,0
CUST_002450,New (0-3 months),2,0
CUST_002451,New (0-3 months),2,3
CUST_002452,New (0-3 months),2,1
CUST_002453,New (0-3 months),2,2
CUST_002454,New (0-3 months),2,1
CUST_002455,New (0-3 months),2,2
CUST_002456,New (0-3 months),2,0
CUST_002457,New (0-3 months),2,1
CUST_002458,New (0-3 months),2,0
CUST_002459,New (0-3 months),2,4
CUST_002460,New (0-3 months),2,3
CUST_002461,New (0-3 months),2,4
CUST_002462,New (0-3 months),2,0
CUST_002463,New (0-3 months),2,4
CUST_002464,New (0-3 months),2,4
CUST_002465,New (0-3 months),2,3
CUST_002466,New (0-3 months),2,0
CUST_002467,New (0-3 months),2,0
CUST_002468,New (0-3 months),2,4
CUST_002469,New (0-3 months),2,4
CUST_002470,New (0-3 months),2,0
CUST_002471,New (0-3 months),2,2
CUST_002472,New (0-3 months),2,2
CUST_002473,New (0-3 months),2,1
CUST_002474,New (0-3 months),2,3
CUST_002475,New (0-3 months),2,2
CUST_002476,New (0-3 months),2,3
CUST_002477,New (0-3 months),2,2
CUST_002478,New (0-3 months),2,3
CUST_002479,New (0-3 months),2,4
CUST_002480,New (0-3 months),2,3
CUST_002481,New (0-3 months),2,4
CUST_002482,New (0-3 months),2,1
CUST_002483,New (0-3 months),2,1
CUST_002484,New (0-3 months),2,4
CUST_002485,New (0-3 months),2,2
CUST_002486,New (0-3 months),2,0
CUST_002487,New (0-3 months),2,3
CUST_002488,New (0-3 months),2,4
CUST_002489,New (0-3 months),2,2
CUST_002490,New (0-3 months),2,1
CUST_002491,New (0-3 months),2,2
CUST_002492,New (0-3 months),2,4
CUST_002493,New (0-3 months),2,2
CUST_002494,New (0-3 months),2,0
CUST_002495,New (0-3 months),2,2
CUST_002496,New (0-3 months),2,0
CUST_002497,New (0-3 months),2,2
CUST_002498,New (0-3 months),2,3
CUST_002499,New (0-3 months),2,1
CUST_002500,New (0-3 months),2,3
